id,text,human_accuracy,ai_accuracy,human_completeness,ai_completeness,human_fluency,ai_fluency,human_total,ai_total,abs_diff
30116,SO BILLY WENT INTO THE PET SHOP,90.0,99.0,100.0,100.0,90.0,99.26829268292684,80.0,80.0,0.0
30154,MY MAP WILL SHOW US,90.0,100.0,100.0,100.0,90.0,91.71762589928058,80.0,80.0,0.0
50170136,WHY COULD SHE NOT WET,80.0,98.0,100.0,100.0,80.0,100.0,80.0,80.0,0.0
50150145,YOU ARE HIS BEST FRIEND,80.0,100.0,100.0,100.0,80.0,91.1436170212766,80.0,80.0,0.0
30145,BILLY LIVED IN NEW YORK,80.0,100.0,100.0,100.0,90.0,94.51923076923076,80.0,80.0,0.0
30270075,WHERE WAS THE KNIFE,80.0,100.0,100.0,100.0,80.0,94.10714285714286,80.0,80.0,0.0
30270093,WAS IT TO COME TO THAT,90.0,100.0,100.0,100.0,70.0,93.4375,80.0,80.0,0.0
30270121,IT WAS NOW MY TURN TO LOOK AT HIM,90.0,100.0,100.0,100.0,70.0,97.06447963800905,80.0,80.0,0.0
920051,TWO TWO ZERO FOUR,80.0,100.0,100.0,100.0,90.0,91.79054054054052,80.0,80.0,0.0
29370210,I REALLY LIKE THE LOOK OF IT THOUGHTS,80.0,97.0,100.0,100.0,90.0,100.0,80.0,80.0,0.0
29370239,HOW DO YOU MAKE THAT BETTER,80.0,97.0,100.0,100.0,90.0,100.0,80.0,80.0,0.0
25380065,I WANTED THIS TO END,80.0,100.0,100.0,100.0,80.0,93.2276119402985,80.0,80.0,0.0
10390004,IT MAKES ME FEEL GOOD ABOUT THE WHOLE BUSINESS,90.0,97.0,100.0,100.0,90.0,100.0,80.0,80.0,0.0
10390341,THEY HAVE ARRESTED YOU ON A CHARGE OF MURDER,80.0,98.0,100.0,100.0,90.0,100.0,80.0,80.0,0.0
24510179,GOD I LOVE THIS MAN ALREADY,80.0,100.0,100.0,100.0,80.0,92.91666666666666,80.0,80.0,0.0
85810084,THIS HAD BETTER BE THE END OF IT,80.0,100.0,100.0,100.0,80.0,95.80445544554456,80.0,80.0,0.0
24880155,WOULD LOVE TO SEE YOU MAKE IT UP HERE,90.0,97.0,100.0,100.0,90.0,100.0,80.0,80.0,0.0
24880176,BECAUSE IS THE RIGHT THING TO DO,80.0,98.0,100.0,100.0,90.0,98.125,80.0,80.0,0.0
30750146,WILL YOU HAVE SOME TEA,80.0,97.0,100.0,100.0,90.0,98.91949152542374,80.0,80.0,0.0
30750170,THEY WILL BE THE HILL,90.0,98.0,100.0,100.0,90.0,100.0,80.0,80.0,0.0
32140013,LOOK I TELL YOU,80.0,100.0,100.0,100.0,90.0,93.70283018867924,80.0,80.0,0.0
32140017,THAT WAS THE DOG YOU KNOW,80.0,99.0,100.0,100.0,80.0,100.0,80.0,80.0,0.0
32140025,TELL ME HAS YOUR FATHER TURN IT OUT,80.0,100.0,100.0,100.0,80.0,90.55131004366812,80.0,80.0,0.0
25380051,SHE WILL FIGHT AND WE ARE READY,80.0,98.0,100.0,100.0,90.0,100.0,80.0,80.0,0.0
20310032,THEY HAD A GREAT MISSION,90.0,100.0,100.0,100.0,90.0,95.54133858267716,80.0,80.0,0.0
20310085,IT WILL PROBABLY BE A LONG WAIT,90.0,100.0,100.0,100.0,90.0,98.97727272727272,80.0,80.0,0.0
20310154,I KNOW HOW MANY I HAVE,90.0,100.0,100.0,100.0,100.0,93.70283018867924,80.0,80.0,0.0
30070043,HE WAS RIGHT IN THIS,80.0,100.0,100.0,100.0,80.0,100.0,80.0,80.0,0.0
50720136,IS IT ALL TOO LATE,80.0,98.0,100.0,100.0,90.0,100.0,80.0,80.0,0.0
50720138,ONLY WE HAD BETTER GO NOW,90.0,100.0,100.0,100.0,90.0,99.46428571428572,80.0,80.0,0.0
50720158,YOU WON'T HAVE HAD HIM FOR THE ASKING,80.0,100.0,100.0,100.0,80.0,95.80445544554456,80.0,80.0,0.0
85840013,SO PREPARE FOR THIS VERY VERY NIGHT,80.0,100.0,100.0,100.0,80.0,95.74152542372882,80.0,80.0,0.0
85840059,I'M NOT GOOD WITHOUT MY CUP OF TEA MY DEAR,80.0,97.0,100.0,100.0,80.0,100.0,80.0,80.0,0.0
85840072,HE MAY BE ABLE TO TELL YOU SOMETHING,90.0,98.0,100.0,100.0,90.0,100.0,80.0,80.0,0.0
24880234,INSTEAD YOU GIVE ME SUN,80.0,99.0,100.0,100.0,80.0,92.91666666666666,80.0,80.0,0.0
24510017,IT WAS TOUGH FOR US AT THE TIME,80.0,100.0,100.0,100.0,80.0,93.50352112676056,80.0,80.0,0.0
24510043,IT'S VERY MUCH PART OF MY INTIMATE LIFE,80.0,100.0,100.0,100.0,90.0,95.58497536945814,80.0,80.0,0.0
10500147,JACK LIVES IN TONY NOW,70.0,70.0,100.0,80.0,80.0,100.0,70.0,70.0,0.0
10500167,I'M SURE WE DO,90.0,100.0,100.0,100.0,80.0,91.79054054054052,80.0,80.0,0.0
9810106,HE COULD SING ANY PART IN A SONG,80.0,100.0,100.0,100.0,80.0,94.72826086956522,80.0,80.0,0.0
9810293,BUT I WOULD LIKE TO KNOW,90.0,100.0,100.0,100.0,80.0,93.97151898734175,80.0,80.0,0.0
10300128,LIKE IS A STRONG WORD,80.0,100.0,100.0,100.0,90.0,90.3125,80.0,80.0,0.0
85810120,WE HAD A LETTER FROM HIM THIS MORNING,80.0,100.0,100.0,100.0,80.0,100.0,80.0,80.0,0.0
20270168,THAT YOU CAN FIND OUT,90.0,100.0,100.0,100.0,80.0,90.04310344827586,80.0,80.0,0.0
930095,KATE LOVE NEW PANTS,80.0,87.0,100.0,100.0,80.0,80.46,70.0,70.0,0.0
930151,ANDY SHE BOOT IT,70.0,78.0,100.0,75.0,80.0,78.5,70.0,70.0,0.0
81530018,I AM GOING TO THE WAR,80.0,99.0,100.0,100.0,80.0,100.0,80.0,80.0,0.0
34120077,I LOVE YOU IN EVERY DRESS,80.0,100.0,100.0,100.0,90.0,97.48287671232876,80.0,80.0,0.0
90880065,OF COURSE THERE ARE TWO SIDES TO THE QUESTION,90.0,100.0,100.0,100.0,80.0,96.25,80.0,80.0,0.0
8110247,EVEN THEN HE WANT TO WIN,80.0,99.0,100.0,100.0,100.0,100.0,80.0,80.0,0.0
8110340,BUT THE EYES WERE STRIKING,90.0,100.0,100.0,100.0,100.0,93.54323308270676,80.0,80.0,0.0
10610035,FIVE THREE NINE EIGHT,80.0,72.0,100.0,100.0,80.0,95.36764705882352,70.0,70.0,0.0
10610114,SO ANDY WENT ON TO DV ROOM,70.0,82.0,100.0,100.0,60.0,71.78,70.0,70.0,0.0
21120256,ONLY WAY TO HAVE A FRIEND IS TO BE ONE,90.0,97.0,100.0,100.0,80.0,100.0,80.0,80.0,0.0
20140036,TWO ONE SIX ONE,80.0,100.0,100.0,100.0,80.0,92.1590909090909,80.0,80.0,0.0
29170252,NEW ONE FOR THE GIRLS,80.0,100.0,100.0,100.0,90.0,96.61290322580643,80.0,80.0,0.0
29170359,I WAS TRANSFERRED FROM ONE MASTER TO ANOTHER,80.0,100.0,100.0,100.0,90.0,96.70454545454544,80.0,80.0,0.0
29370015,IT'S DO OR DIE FOR THEM,80.0,98.0,100.0,100.0,90.0,100.0,80.0,80.0,0.0
25380151,YES AND THE DEADLY ONE TOO,80.0,100.0,100.0,100.0,80.0,91.66916167664672,80.0,80.0,0.0
25380162,BUT THERE WAS NO PROTEST,80.0,100.0,100.0,100.0,80.0,92.0108695652174,80.0,80.0,0.0
25380251,OR THE ONE WITH THE PHOTOGRAPHERS,80.0,100.0,100.0,100.0,80.0,90.95588235294116,80.0,80.0,0.0
80680090,IT SEEMS TO STAND OUT,80.0,100.0,100.0,100.0,80.0,94.51923076923076,80.0,80.0,0.0
24480094,WE HAVE NO INTEREST IN ATTEMPTING TO DO THAT,80.0,100.0,100.0,100.0,80.0,100.0,80.0,80.0,0.0
24480095,THURSDAY IS THE LAST DAY OF THIS YEAR'S DEBATE,80.0,100.0,100.0,100.0,80.0,95.65789473684212,80.0,80.0,0.0
24480159,IT IS A FORM OF SELFISHNESS,80.0,100.0,100.0,100.0,90.0,92.40853658536584,80.0,80.0,0.0
24480292,LEARN TO BE COMFORTABLE WITH THE PRESSURE,90.0,100.0,100.0,100.0,90.0,91.02272727272728,80.0,80.0,0.0
90880140,NOW LET ME HAVE YOUR ATTENTION,80.0,100.0,100.0,100.0,90.0,100.0,80.0,80.0,0.0
80680170,BECAUSE HIS SON WAS GOING TO BE KILLED,80.0,100.0,100.0,100.0,90.0,96.47613065326632,80.0,80.0,0.0
24410158,SOCIAL AND DOWN TO EARTH,80.0,100.0,100.0,100.0,80.0,91.71762589928058,80.0,80.0,0.0
27400295,SO YOU KNOW IS GOING TO BE FUN,80.0,98.0,100.0,100.0,90.0,100.0,80.0,80.0,0.0
27400321,I WALK INTO THE ROOM TRYING TO SMILE,80.0,97.0,100.0,100.0,90.0,100.0,80.0,80.0,0.0
91010049,ENGLISH LIFE IN THEM THERE WAS NONE,80.0,100.0,100.0,100.0,90.0,93.13829787234042,80.0,80.0,0.0
20070165,WHAT IS THE USE OF IT HERE,80.0,100.0,100.0,100.0,80.0,90.42910447761196,80.0,80.0,0.0
29370193,NOW YOU CAN BE TOO,90.0,98.0,100.0,100.0,80.0,98.125,80.0,80.0,0.0
1110009,IT'S ANN'S PLUM,80.0,77.0,100.0,80.0,70.0,82.0,70.0,70.0,0.0
21160326,THERE NEVER WAS SUCH A MISTAKE AS THAT,90.0,100.0,100.0,100.0,90.0,94.3122009569378,80.0,80.0,0.0
52200092,OH MOTHER WHAT SHALL I DO,80.0,100.0,100.0,100.0,80.0,92.66104294478528,80.0,80.0,0.0
24410241,WHY DO YOU WANT TO REPLACE HIM,80.0,97.0,100.0,100.0,80.0,100.0,80.0,80.0,0.0
27400125,IT'S A GAME OF CHEESE BABY,80.0,100.0,100.0,100.0,90.0,97.48287671232876,80.0,80.0,0.0
27400145,ALL WE HAVE TO DO IS EXECUTE,80.0,100.0,100.0,100.0,90.0,94.75828729281768,80.0,80.0,0.0
27400151,HAVE YOU SET A DATE FOR YOUR VIDEO YET,90.0,97.0,100.0,100.0,90.0,100.0,80.0,80.0,0.0
80680151,IT SEEMS SUCH A VERY LONG TIME,80.0,100.0,100.0,100.0,80.0,100.0,80.0,80.0,0.0
80680153,THEY LOOK AT ONE ANOTHER FOR A MOMENT,90.0,100.0,100.0,100.0,90.0,95.80445544554456,80.0,80.0,0.0
11560005,I HAD TO DO IT FROM A FINANCIAL STANDPOINT,80.0,100.0,100.0,100.0,90.0,96.8581081081081,80.0,80.0,0.0
80630094,THE SECOND WAS A YEAR LATER,90.0,100.0,100.0,100.0,90.0,92.91666666666666,80.0,80.0,0.0
80630123,COME I WILL BE ANSWERED,90.0,100.0,100.0,100.0,90.0,92.0108695652174,80.0,80.0,0.0
80630125,STILL YOU MUST HAVE IT YOUR OWN WAY,90.0,100.0,100.0,100.0,80.0,97.16836734693877,80.0,80.0,0.0
80630147,HIS OLD SISTER COULD NOT BELIEVE IT,90.0,100.0,100.0,100.0,90.0,91.42857142857144,80.0,80.0,0.0
80630152,DO YOU PROMISE TO DO THIS,80.0,100.0,100.0,100.0,90.0,96.85810810810813,80.0,80.0,0.0
30270140,WELL NOW WHAT ARE WE TO DO,90.0,100.0,100.0,100.0,80.0,93.13829787234042,80.0,80.0,0.0
21160310,SHE WAS ABOUT TO GET LUCKY SHE COULD JUST TELL,80.0,100.0,100.0,100.0,80.0,93.54323308270676,80.0,80.0,0.0
96120002,I WANT TO SEE HIM MYSELF.,70.0,89.0,100.0,100.0,80.0,86.96428571428571,70.0,70.0,0.0
1110151,AND HERE ARE THE DUCKS,90.0,100.0,100.0,100.0,80.0,93.54323308270676,80.0,80.0,0.0
15020162,I OPENED MY DOOR,80.0,76.0,100.0,75.0,80.0,83.59478260869565,70.0,70.0,0.0
11560100,SHE WAS PLACED HER UNDER HOUSE ARREST THE NEXT DAY,90.0,100.0,100.0,100.0,90.0,92.91666666666666,80.0,80.0,0.0
30140009,WE WILL NOT WAIT,80.0,100.0,100.0,100.0,90.0,96.70454545454544,80.0,80.0,0.0
30140043,AND WHO IS THAT,90.0,100.0,100.0,100.0,80.0,96.25,80.0,80.0,0.0
30140086,AND SO IT IS ALL ROUND,90.0,100.0,100.0,100.0,80.0,92.40853658536584,80.0,80.0,0.0
5630017,HE WAS THOUGHT OF THAT HIGHLY,70.0,76.0,100.0,83.33333333333334,70.0,81.79214285714285,70.0,70.0,0.0
34120173,AND TURN ALL THOSE PEOPLE OUT,80.0,100.0,100.0,100.0,80.0,90.95588235294116,80.0,80.0,0.0
36310063,I AM GLAD TO SEE YOU,80.0,100.0,100.0,100.0,90.0,94.2436305732484,80.0,80.0,0.0
36310080,COME WITH ME WILL YOU,80.0,100.0,100.0,100.0,80.0,93.54323308270676,80.0,80.0,0.0
15020126,ANDY LOVES CANBERRA,70.0,51.0,100.0,66.66666666666666,80.0,76.82,60.0,60.0,0.0
54280125,HOW LATE IT IS,90.0,100.0,100.0,100.0,90.0,90.3804347826087,80.0,80.0,0.0
14690167,I DO NOT SEE THAT I CAN HELP YOU,80.0,100.0,100.0,100.0,80.0,95.08116883116884,80.0,80.0,0.0
15010169,THAT IS A WHAT I'M DOING NOW,80.0,74.0,100.0,100.0,70.0,95.24441340782124,70.0,70.0,0.0
30140095,I WAS FIRST TO DRAW,80.0,100.0,100.0,100.0,90.0,94.8546511627907,80.0,80.0,0.0
30140099,THE FOURTH DAY IS COME,90.0,100.0,100.0,100.0,70.0,92.61029411764706,80.0,80.0,0.0
28920200,I CAN HARDLY WAIT TO SEE THIS,80.0,98.0,100.0,100.0,90.0,100.0,80.0,80.0,0.0
91180042,THREE WERE HAS BAD HAS HIMSELF,80.0,99.0,100.0,100.0,80.0,95.65789473684212,80.0,80.0,0.0
91180050,SHE WANTS TO ASK YOU HERSELF,80.0,100.0,100.0,100.0,80.0,92.91666666666666,80.0,80.0,0.0
80630030,LAUGH AS MUCH AS YOU LIKE,90.0,98.0,100.0,100.0,90.0,100.0,80.0,80.0,0.0
91180133,HERE IS AN INSTANCE OF THIS FEELING,80.0,100.0,100.0,100.0,80.0,95.9943181818182,80.0,80.0,0.0
28920131,AND WE NEED TO KEEP FIGHTING FOR IT,80.0,99.0,100.0,100.0,90.0,100.0,80.0,80.0,0.0
24380041,IT'S HAPPENED TO ME BEFORE,80.0,100.0,100.0,100.0,90.0,96.98170731707316,80.0,80.0,0.0
24380142,PARADISE MAY BE AROUND THE CORNER,80.0,100.0,100.0,100.0,90.0,95.65789473684212,80.0,80.0,0.0
29170012,THAT'S THE KIND OF PERSON I LIKE TO DEAL WITH,80.0,100.0,100.0,100.0,80.0,100.0,80.0,80.0,0.0
95530082,HE WAS FOR MOMENTS TURNED TO STONE BEFORE IT,80.0,99.0,100.0,100.0,80.0,96.25,80.0,80.0,0.0
22520209,HAPPINESS IS NOT A GOAL BUT A WAY OF LIFE,80.0,99.0,100.0,100.0,90.0,100.0,80.0,80.0,0.0
55470005,HE WOULD GIVE JACK A DRINK,80.0,72.0,100.0,83.33333333333334,70.0,98.5189075630252,70.0,70.0,0.0
55470009,PAY ME SOME TIME,80.0,100.0,100.0,100.0,80.0,96.25,80.0,80.0,0.0
55470046,BUT IT'S ONLY OUTSIDE HE'S OLD,80.0,78.0,100.0,87.5,50.0,82.0,70.0,70.0,0.0
24410052,NO ONE SEEMS QUITE SURE IS THE PLAN WILL WORK,80.0,99.0,100.0,100.0,80.0,100.0,80.0,80.0,0.0
69020048,BUT THEY CAN'T LAST,70.0,76.0,100.0,100.0,70.0,85.80999999999999,70.0,70.0,0.0
12280262,PEOPLE ARE ALLOWED TO BE ANGRY,80.0,99.0,100.0,100.0,80.0,92.91666666666666,80.0,80.0,0.0
12280343,YOU CAN DEPEND ON ME,80.0,100.0,100.0,100.0,90.0,96.61290322580643,80.0,80.0,0.0
50290149,I HAD THREE OTHERS,80.0,100.0,100.0,100.0,80.0,91.07300884955752,80.0,80.0,0.0
50290156,THE DOG SAW IT,90.0,100.0,100.0,100.0,80.0,96.70454545454544,80.0,80.0,0.0
1570325,HE HANDED THEM OUT AND WAS VERY SPECIFIC,90.0,100.0,100.0,100.0,100.0,91.97398190045249,80.0,80.0,0.0
28970016,HE MAY COME BACK TOMORROW WITH ANOTHER OFFER WHO KNOWS,90.0,99.0,100.0,100.0,90.0,100.0,80.0,80.0,0.0
28970022,IT COULD BE DISMISSED BECAUSE THERE'S NOTHING THERE,90.0,100.0,100.0,100.0,90.0,92.3458904109589,80.0,80.0,0.0
12920155,I WILL FIND A COPY OF THIS ONE DAY,80.0,100.0,100.0,100.0,90.0,97.48287671232876,80.0,80.0,0.0
12930040,ANYTHING OVER THAT IS A BENEFIT,90.0,100.0,100.0,100.0,90.0,90.04310344827586,80.0,80.0,0.0
12930097,THAT'S THE KIND OF PRESIDENT I INTEND TO BE,80.0,100.0,100.0,100.0,90.0,100.0,80.0,80.0,0.0
1570024,THE RESEARCHERS FOUND THAT TO BE THE CASE,90.0,99.0,100.0,100.0,100.0,98.61842105263158,80.0,80.0,0.0
1570316,HE WATCHES A FAIR AMOUNT OF TELEVISION,90.0,100.0,100.0,100.0,100.0,90.04310344827586,80.0,80.0,0.0
50290079,I SHOULD LIKE THAT BETTER,80.0,100.0,100.0,100.0,80.0,92.61029411764706,80.0,80.0,0.0
24380315,IT WAS TIGHT FIT,80.0,100.0,100.0,100.0,90.0,97.16836734693877,80.0,80.0,0.0
24380363,I WAS NOT LEFT DRIFTING,80.0,100.0,100.0,100.0,90.0,91.71762589928058,80.0,80.0,0.0
14650108,SO LYNDA WANT ON TO COTTON,80.0,81.0,100.0,83.33333333333334,70.0,71.5,70.0,70.0,0.0
14220068,MIKE SOME FOR RED,80.0,76.0,100.0,75.0,60.0,82.0,70.0,70.0,0.0
95550143,ALL THE SAME YOU MUST NOT REMAIN HERE,80.0,100.0,100.0,100.0,80.0,91.60874439461884,80.0,80.0,0.0
95580012,SHE WAS JUST IN TIME TO HEAR THE DIRECTION,80.0,100.0,100.0,100.0,80.0,93.7920168067227,80.0,80.0,0.0
36310148,THEN MISS BROWN TURNED ROUND IN HER CHAIR,80.0,100.0,100.0,100.0,90.0,92.7246543778802,80.0,80.0,0.0
50390097,HER FACE WAS POOR NOW,80.0,100.0,100.0,100.0,80.0,90.58566433566436,80.0,80.0,0.0
50390114,YOU ARE A FINE LADY,90.0,100.0,100.0,100.0,90.0,93.54323308270676,80.0,80.0,0.0
30120044,WHICH SEASON DO YOU LIKE BEST,90.0,100.0,100.0,100.0,80.0,93.4375,80.0,80.0,0.0
30120089,THIS IS SOMETHING TO KNOW,80.0,100.0,100.0,100.0,90.0,94.18893129770991,80.0,80.0,0.0
30120121,IT WAS MY IDEA,80.0,100.0,100.0,100.0,90.0,91.79054054054052,80.0,80.0,0.0
95550107,WE ARE BUT YOUNG ONCE,80.0,97.0,100.0,100.0,80.0,100.0,80.0,80.0,0.0
12920062,IT'S NOTHING YOU TRY NOT TO THINK,80.0,99.0,100.0,100.0,90.0,97.57352941176472,80.0,80.0,0.0
12920085,THAT MAKES HIM A BETTER PLAYER,80.0,100.0,100.0,100.0,90.0,96.25,80.0,80.0,0.0
23270268,LOTS OF BLUE AND WHITE TODAY,90.0,100.0,100.0,100.0,100.0,92.40853658536584,80.0,80.0,0.0
23270315,SHE FOLLOWED HIM WITH HER EYES,90.0,100.0,100.0,100.0,90.0,93.97151898734175,80.0,80.0,0.0
23270319,I WANT YOUR GOOD NOTHING SO MUCH AS THAT,90.0,100.0,100.0,100.0,80.0,97.06447963800905,80.0,80.0,0.0
14200207,PLUS IS NOW ON THE LINE UP,80.0,98.0,100.0,100.0,90.0,100.0,80.0,80.0,0.0
50720025,HOW COULD IT BE,90.0,100.0,100.0,100.0,90.0,93.30607476635514,80.0,80.0,0.0
50720040,BUT WHERE WERE THE OTHERS,80.0,100.0,100.0,100.0,80.0,93.2276119402985,80.0,80.0,0.0
60990023,SHE SAID SHE WOULD SEE HER,80.0,98.0,100.0,100.0,90.0,96.85810810810813,80.0,80.0,0.0
60990083,I WONDER WHAT I SHOULD HAVE DONE,90.0,100.0,100.0,100.0,80.0,96.25,80.0,80.0,0.0
60990089,WE WENT OUT TO SEE HIM,80.0,98.0,100.0,100.0,90.0,98.78521126760565,80.0,80.0,0.0
23550202,TODAY WAS THE START OF A REVOLUTION,90.0,98.0,100.0,100.0,90.0,97.57352941176472,80.0,80.0,0.0
95550044,I SAW THE KEY WAS IN THE LOCK OUTSIDE,80.0,100.0,100.0,100.0,80.0,90.49418604651164,80.0,80.0,0.0
50390049,LOOK AT HIM WHERE MY FRIEND,80.0,100.0,100.0,100.0,70.0,96.85810810810813,80.0,80.0,0.0
50390084,I SAW HER TAKE IT,90.0,100.0,100.0,100.0,80.0,96.98170731707316,80.0,80.0,0.0
60670035,ONLY LAST WEEK I WAS ASKED TO COME HERE,90.0,100.0,100.0,100.0,80.0,95.2717391304348,80.0,80.0,0.0
60670036,SHE HAD OWNED IT AT LAST,80.0,100.0,100.0,100.0,80.0,96.25,80.0,80.0,0.0
13340007,I THINK HE CAN PROVE HIMSELF ON HIS OWN,80.0,100.0,100.0,100.0,90.0,100.0,80.0,80.0,0.0
13340243,HELPS ME TO HAVE A GO AT MYSELF,80.0,99.0,100.0,100.0,80.0,100.0,80.0,80.0,0.0
50150142,SHE COULD HAVE DONE SO,80.0,100.0,100.0,100.0,90.0,95.54133858267716,80.0,80.0,0.0
95580045,I SHALL NEVER GETS THE ANY INTEREST FOR MY MONEY,80.0,98.0,100.0,100.0,90.0,97.35655737704916,80.0,80.0,0.0
95580056,THERE ARE NONE SUCH IN THIS PARTY,80.0,100.0,100.0,100.0,80.0,91.2246192893401,80.0,80.0,0.0
95580067,WHEN YOU ASKED ME TO HIDE YOU,80.0,98.0,100.0,100.0,80.0,99.26829268292684,80.0,80.0,0.0
14080301,GREAT TO SEE YOU MAN,90.0,100.0,100.0,100.0,80.0,92.0108695652174,80.0,80.0,0.0
14080333,NO YOU NEED TO RETURN TO THE TRUCK,80.0,98.0,100.0,100.0,80.0,100.0,80.0,80.0,0.0
22520366,THESE PEOPLES ARE MY PEOPLES TOO YOU KNOW,80.0,98.0,100.0,100.0,80.0,95.80445544554456,80.0,80.0,0.0
22520375,AND YOU CANNOT EVEN JOIN,90.0,100.0,100.0,100.0,80.0,90.04310344827586,80.0,80.0,0.0
23270148,MAKE THE MOST OUT OF THE PRESENT,90.0,100.0,100.0,100.0,90.0,93.58870967741936,80.0,80.0,0.0
1200114,WE ARE HERE TO PROVIDE THAT SERVICE FOR THEM,80.0,97.0,100.0,100.0,90.0,100.0,80.0,80.0,0.0
1200159,I WAS LOOKING FOR HIM,90.0,100.0,100.0,100.0,90.0,92.61029411764706,80.0,80.0,0.0
60670075,AND HOW ABOUT YOUR DAD LAST NIGHT,80.0,98.0,100.0,100.0,90.0,100.0,80.0,80.0,0.0
60670094,THE COWS NEVER GAVE SO MUCH MILK AS THAT NIGHT,80.0,99.0,100.0,100.0,80.0,99.74137931034484,80.0,80.0,0.0
30097,HERE IS TIME'S CLOTH,70.0,74.0,100.0,80.0,90.0,89.38559322033899,70.0,70.0,0.0
50150173,YOU MUST DO THE BEST YOU CAN FOR ME,90.0,100.0,100.0,100.0,80.0,100.0,80.0,80.0,0.0
21120074,AM I EVEN CLOSE TO WHERE I WANT TO BE,90.0,97.0,100.0,100.0,90.0,100.0,80.0,80.0,0.0
21120151,I WOULD LOVE TO FORGET,90.0,100.0,100.0,100.0,90.0,97.35655737704916,80.0,80.0,0.0
30140132,HE DOES NOT KNOW WHAT HE WANTS,80.0,100.0,100.0,100.0,80.0,98.97727272727272,80.0,80.0,0.0
30140144,THEY LOOKED AT HIM,90.0,100.0,100.0,100.0,80.0,91.07300884955752,80.0,80.0,0.0
30140147,IT GOES UP TOO HIGH,80.0,100.0,100.0,100.0,90.0,95.54133858267716,80.0,80.0,0.0
24880059,EVERYTHING IS STILL AHEAD OF ME,80.0,100.0,100.0,100.0,100.0,93.97151898734175,80.0,80.0,0.0
30070112,I WANT YOU TO TELL ME SOMETHING FIRST,80.0,100.0,100.0,100.0,80.0,100.0,80.0,80.0,0.0
240329,MY PEOPLE WILL BRING YOU TO THE SHIP,90.0,100.0,100.0,100.0,90.0,100.0,80.0,81.0,1.0
240284,SOMEBODY LET ME KNOW WHEN IT'S OVER,80.0,100.0,100.0,100.0,90.0,100.0,80.0,81.0,1.0
240115,WAY TO HELP US ALL OUT,90.0,100.0,100.0,100.0,80.0,100.0,80.0,81.0,1.0
240099,WHAT HE WAS TALKING ABOUT WAS SPORTS IN GENERAL,90.0,100.0,100.0,100.0,80.0,100.0,80.0,81.0,1.0
30070138,HE PUT HIS ARM ROUND HER,90.0,99.0,100.0,100.0,80.0,91.91265060240964,80.0,79.0,1.0
50170117,OF COURSE I COULD DO NOTHING,80.0,100.0,100.0,100.0,80.0,100.0,80.0,81.0,1.0
50170101,I SAW HIM TODAY FOR THE FIRST TIME,80.0,94.0,100.0,100.0,90.0,100.0,80.0,79.0,1.0
50170100,I SAW IT NOT,80.0,100.0,100.0,100.0,80.0,87.83536585365853,80.0,79.0,1.0
50290028,BUT THAT WILL BECOME OF ME POOR AND ALONE,80.0,89.0,100.0,88.88888888888889,70.0,95.66,70.0,71.0,1.0
24880070,HE WAS AT THE HEIGHT OF HIS POWER,90.0,100.0,100.0,100.0,80.0,100.0,80.0,81.0,1.0
24510351,THE PROFESSOR TURNED DOWN THE SHEETS,80.0,100.0,100.0,100.0,80.0,89.60227272727273,80.0,79.0,1.0
24510323,NO ANGEL WOULD DO SUCH A THING,90.0,100.0,100.0,100.0,80.0,88.22183098591549,80.0,79.0,1.0
24510252,SOMEONE WANT TO GO TO WORK FOR ME,90.0,100.0,100.0,100.0,80.0,100.0,80.0,81.0,1.0
24510215,JUST CAUGHT A GLIMPSE OF MYSELF IN THE MIRROR,80.0,100.0,100.0,100.0,80.0,87.67086330935251,80.0,79.0,1.0
30051,ONE ZERO ONE ZERO,70.0,73.0,100.0,75.0,100.0,87.54032258064515,70.0,69.0,1.0
21120135,REMEMBER THE CHARITY STREAM IS TOMORROW,90.0,100.0,100.0,100.0,90.0,83.08962264150944,80.0,79.0,1.0
21120108,AND WE BOTH HAVE PLAYERS WHO CAN RUN AND JUMP,90.0,100.0,100.0,100.0,90.0,100.0,80.0,81.0,1.0
21120075,THIS IS JUST THE WAY I FEEL MOST COMFORTABLE WORKING,80.0,99.0,100.0,100.0,80.0,100.0,80.0,79.0,1.0
21120059,WE WANT OUR TEAMS TO REMAIN WHERE THEY ARE,80.0,98.0,100.0,100.0,80.0,100.0,80.0,79.0,1.0
21120025,THAT WAS NOT THE PROBLEM,90.0,100.0,100.0,100.0,90.0,87.3076923076923,80.0,79.0,1.0
490032,FOUR SIX TWO,80.0,100.0,100.0,100.0,80.0,85.3409090909091,80.0,79.0,1.0
50170001,AS FOUR YOU YOU MUST COME,80.0,100.0,100.0,100.0,90.0,100.0,80.0,79.0,1.0
30080,DOES HE KNOW THE BISCUIT,90.0,100.0,100.0,100.0,90.0,89.00167785234899,80.0,79.0,1.0
60670080,BUT AS SUCH SHE WOULD NOT BE AFRAID OF HIM,80.0,100.0,100.0,100.0,80.0,100.0,80.0,81.0,1.0
60670062,BUT WONDER OF WONDERS,80.0,100.0,100.0,100.0,90.0,82.94014084507043,80.0,79.0,1.0
60670060,I WONDER WHERE THE POOR LADY LEFT IT,80.0,100.0,100.0,100.0,80.0,99.12234042553192,80.0,79.0,1.0
60670038,WHAT WILL HAPPENED NEXT I WONDER,80.0,99.0,100.0,100.0,90.0,86.22409326424871,80.0,79.0,1.0
1200338,BUT THE SILENCE WAS DIFFICULT,90.0,100.0,100.0,100.0,100.0,85.54878048780488,80.0,79.0,1.0
1200210,I WOULD LIKE TO SET UP AN INTERVIEW WITH YOU,90.0,100.0,100.0,100.0,90.0,100.0,80.0,81.0,1.0
1200145,SATURDAY IS GOING TO BE A LOT OF FUN,80.0,100.0,100.0,100.0,90.0,100.0,80.0,81.0,1.0
23270032,IT WAS NOT A CONSCIOUS DECISION,90.0,100.0,100.0,100.0,80.0,89.17134831460673,80.0,79.0,1.0
22520358,HER MOTHER HER MOUTH WAS VERY CLOSE TO HIS MOUTH,80.0,100.0,100.0,100.0,90.0,100.0,80.0,79.0,1.0
14080337,I CAN ALMOST SEEM THE SMOKE,80.0,98.0,100.0,100.0,80.0,90.49418604651164,80.0,79.0,1.0
14080134,IN THE NAME OF WHAT,80.0,100.0,100.0,100.0,80.0,100.0,80.0,81.0,1.0
1140163,I'M IN THE SEA,90.0,100.0,100.0,100.0,80.0,83.16489361702128,80.0,79.0,1.0
1140159,THEN LISTEN TO ME,90.0,100.0,100.0,100.0,80.0,84.58333333333333,80.0,79.0,1.0
50150129,YOU DON'T HAVE TO TELL,90.0,100.0,100.0,100.0,80.0,100.0,80.0,81.0,1.0
50150108,SHALL WE NOT HAVE THEM TURNED OUT,80.0,100.0,100.0,100.0,80.0,100.0,80.0,81.0,1.0
50150091,HE COULD NOT SEE THAT TO HER,90.0,98.0,100.0,100.0,60.0,94.04891304347828,80.0,79.0,1.0
50150070,I KNOW NOTHING OF THESE STORIES,80.0,100.0,100.0,100.0,70.0,86.96428571428571,80.0,79.0,1.0
50150069,I'M GLAD TO MEET YOU,80.0,100.0,100.0,100.0,80.0,100.0,80.0,81.0,1.0
50150041,WE WILL TALK ABOUT THE MATTER MORE SOME OTHER TIME,80.0,100.0,100.0,100.0,70.0,99.32692307692308,80.0,81.0,1.0
13340313,IT'S NOT HIS NOW BUT MINE,90.0,100.0,100.0,100.0,80.0,100.0,80.0,81.0,1.0
13340159,WHY WOULD YOU DO THIS TO ME NOW,80.0,100.0,100.0,100.0,80.0,100.0,80.0,81.0,1.0
13340137,BECAUSE YOU WANTED TO DO IT RIGHT,80.0,100.0,100.0,100.0,80.0,100.0,80.0,81.0,1.0
13340034,SOMETHING IS OFF WITH THIS TEAM,80.0,100.0,100.0,100.0,80.0,100.0,80.0,81.0,1.0
12930261,TOGETHER WE CAN FIND A CURE,80.0,100.0,100.0,100.0,90.0,100.0,80.0,81.0,1.0
23550341,BUT SUCH ARE THE MILITARY,80.0,100.0,100.0,100.0,90.0,87.3076923076923,80.0,79.0,1.0
1330075,PETER LIKES YOUR RED CLOUD,70.0,81.0,100.0,80.0,80.0,79.34,70.0,71.0,1.0
1330027,NINE THREE TWO,80.0,100.0,100.0,100.0,90.0,86.40625,80.0,79.0,1.0
60670029,I AM QUITE SURE I DID NOT,80.0,97.0,100.0,100.0,80.0,95.24441340782124,80.0,79.0,1.0
50290167,THERE WAS NOTHING GOOD IN IT FOR ME,90.0,100.0,100.0,100.0,80.0,100.0,80.0,79.0,1.0
95550046,HE SITS BY HER SIDE FOR HOURS,80.0,100.0,100.0,100.0,80.0,94.51923076923076,80.0,79.0,1.0
95550027,EVERYTHING IS AN EVENT AT SEA,90.0,100.0,100.0,100.0,80.0,84.33823529411765,80.0,79.0,1.0
23550099,BEFORE THEY GET DOWN TO ZERO,90.0,100.0,100.0,100.0,90.0,100.0,80.0,81.0,1.0
23550013,I DO WHAT I THINK IS FUNNY,80.0,100.0,100.0,100.0,90.0,100.0,80.0,81.0,1.0
23550008,I GET ALL MY MONEY FROM ABROAD,80.0,100.0,100.0,100.0,90.0,100.0,80.0,79.0,1.0
23550002,THAT'S THE MINIMUM THAT WOULD BE ACCEPTABLE TO ME PERSONALLY,80.0,100.0,100.0,100.0,80.0,95.89285714285714,80.0,79.0,1.0
60990030,BUT I FOUND HER OUT AT LAST,80.0,100.0,100.0,100.0,80.0,98.68975903614458,80.0,81.0,1.0
12930155,I NEED TO BE MORE CLEVER,90.0,100.0,100.0,100.0,100.0,100.0,80.0,81.0,1.0
12930139,DO YOU HAVE ANY QUESTIONS FOR HER,80.0,100.0,100.0,100.0,100.0,100.0,80.0,81.0,1.0
12930114,HIS MOTHER IS IN CRITICAL CONDITION,90.0,100.0,100.0,100.0,90.0,89.60227272727273,80.0,79.0,1.0
14040028,EIGHT TWO ONE ONE,80.0,74.0,100.0,75.0,80.0,80.74,70.0,69.0,1.0
50150024,HE WAS AFRAID TO KNOW HIS WAS ALONE,80.0,85.0,100.0,87.5,70.0,83.71134831460672,70.0,71.0,1.0
36310171,NO ONE KNOWS WHO DOES IT,80.0,100.0,100.0,100.0,80.0,85.86538461538461,80.0,79.0,1.0
36310159,TELL ME IS SHE WELL AND HAPPY,80.0,100.0,100.0,100.0,90.0,99.86111111111111,80.0,81.0,1.0
50720076,IT A CLEVER TRICK BUT IT WON'T HOLD WATER,80.0,100.0,100.0,100.0,70.0,86.96428571428571,80.0,79.0,1.0
50720017,PEOPLE TAKE LEAVE OF EACH OTHER,80.0,100.0,100.0,100.0,80.0,88.33791208791209,80.0,79.0,1.0
14200161,NOT ABOUT WHAT YOU SEE IN THE MIRROR,80.0,100.0,100.0,100.0,90.0,100.0,80.0,81.0,1.0
14200124,TALKING IS NOT THE PROBLEM,90.0,95.0,100.0,100.0,90.0,98.125,80.0,79.0,1.0
14080362,THERE WAS SOMETHING IN HIS POCKET,80.0,100.0,100.0,100.0,80.0,82.6453488372093,80.0,79.0,1.0
23270303,TIME FOR ME TO MAKE SOME DECISION,80.0,98.0,100.0,100.0,100.0,98.4056886227545,80.0,79.0,1.0
23270214,MY SAINTS HAVE TO BE BETTER,90.0,97.0,100.0,100.0,90.0,97.48287671232876,80.0,79.0,1.0
1490024,DAVID LIVES IN JAPAN,80.0,100.0,100.0,100.0,90.0,82.94014084507043,80.0,79.0,1.0
95550116,IT IS ALWAYS SAFE TO TRUST HIM,80.0,100.0,100.0,100.0,80.0,100.0,80.0,81.0,1.0
30120150,WHERE WAS HE KNOW,80.0,97.0,100.0,100.0,90.0,94.10714285714286,80.0,79.0,1.0
30120079,I KNOW HE IS,90.0,100.0,100.0,100.0,90.0,98.125,80.0,81.0,1.0
30120072,IS SHE YOUR SISTER,80.0,100.0,100.0,100.0,90.0,85.86538461538461,80.0,79.0,1.0
30120021,WELL THAT'S IS GOODS,80.0,80.0,100.0,80.0,70.0,82.0,70.0,71.0,1.0
30120018,WAD HE LOVE ME,80.0,98.0,100.0,100.0,80.0,91.79054054054052,80.0,79.0,1.0
30120001,THERE WELL MANY THINGS NEW TO ME,80.0,99.0,100.0,100.0,80.0,87.87790697674419,80.0,79.0,1.0
95550092,DO ANYTHING BUT COME DOWNSTAIRS WITH ME,80.0,100.0,100.0,100.0,80.0,82.5,80.0,79.0,1.0
95550082,HE DRESSED IT HIMSELF TWICE A DAY,80.0,100.0,100.0,100.0,70.0,83.13259109311741,80.0,79.0,1.0
23270161,LET GOD TAKE CARE OF THE REST,90.0,100.0,100.0,100.0,90.0,100.0,80.0,81.0,1.0
50720001,THE KIDS ARE GROWING UP,80.0,100.0,100.0,100.0,90.0,89.77739726027397,80.0,79.0,1.0
50390175,BUT THEY LIKED EACH OTHER ALSO,90.0,98.0,100.0,100.0,80.0,91.42857142857144,80.0,79.0,1.0
1140104,PETER GOT THE JACKET,90.0,100.0,100.0,100.0,90.0,86.68307086614173,80.0,79.0,1.0
1140100,MANDY GOT THE TIE,70.0,79.0,100.0,75.0,80.0,82.0,70.0,71.0,1.0
60670002,I THINK YOU DID NOT LIKE HIS PARENTS,90.0,100.0,100.0,100.0,90.0,100.0,80.0,79.0,1.0
55470126,I MUST SEEN WHAT I HAVE TO SAY,80.0,98.0,100.0,100.0,70.0,89.54787234042553,80.0,79.0,1.0
14220003,MARY IS GOING TO SEE DOG,80.0,79.0,100.0,100.0,60.0,71.22,70.0,69.0,1.0
14650041,SIX FIVE,90.0,100.0,100.0,100.0,90.0,82.94014084507043,80.0,79.0,1.0
24380276,SO GIVE ME SOMETHING TO BELIEVE,80.0,100.0,100.0,100.0,90.0,100.0,80.0,81.0,1.0
12930037,THE RESULT WAS NOT A PRETTY SIGHT,90.0,100.0,100.0,100.0,80.0,84.90384615384616,80.0,79.0,1.0
12930028,MORALE IN SOME PARTS OF COMPANY IS NOT STRONG,80.0,100.0,100.0,100.0,90.0,100.0,80.0,81.0,1.0
12930012,WHERE ARE THEY SUPPOSED TO TURN,80.0,100.0,100.0,100.0,90.0,100.0,80.0,81.0,1.0
12920214,SOMETIMES YOU JUST NEED A GOOD LAUGH,80.0,100.0,100.0,100.0,100.0,98.97727272727272,80.0,79.0,1.0
12920158,FEELS GOOD TO BE HERE AGAIN,80.0,100.0,100.0,100.0,90.0,99.12234042553192,80.0,81.0,1.0
12920146,THANK YOU FOR ALL THOSE WHO VOTED,90.0,100.0,100.0,100.0,90.0,98.68975903614458,80.0,81.0,1.0
12920143,I WILL DO THIS AGAIN SO YOU HAVE A CHANCE,80.0,100.0,100.0,100.0,90.0,100.0,80.0,81.0,1.0
60990124,SHE WAS MORE THAN HIS MUCH,80.0,99.0,100.0,100.0,80.0,91.66916167664672,80.0,79.0,1.0
60990121,WHY THEY HAVE LOST THEIR HANDS,80.0,100.0,100.0,100.0,70.0,82.94014084507043,80.0,79.0,1.0
12280206,WE WILL BE BACK IN THE NEW YEAR,80.0,100.0,100.0,100.0,80.0,100.0,80.0,81.0,1.0
12280173,ALREADY OFF TO A GREAT DAY,80.0,74.0,100.0,83.33333333333334,80.0,81.9155421686747,70.0,69.0,1.0
28970057,BOTH PLAYERS HOWEVER WERE AFFECTIES IN THE FOURTH QUARTER,80.0,98.0,100.0,100.0,90.0,94.33510638297872,80.0,79.0,1.0
28920321,WHAT COULD HAVE MADE HIM,80.0,100.0,100.0,100.0,80.0,88.75,80.0,79.0,1.0
36310120,YOU KNOW THE SAME OF ME,80.0,100.0,100.0,100.0,90.0,99.46428571428572,80.0,81.0,1.0
52200110,WELL YOU SHALL HAVE MY STORY,80.0,97.0,100.0,100.0,80.0,92.91666666666666,80.0,79.0,1.0
52200101,MAY I NOW TAKE MY LEAVE,80.0,100.0,100.0,100.0,90.0,87.73648648648648,80.0,79.0,1.0
52200095,I SHALL BE BACK BEFORE EIGHT,90.0,100.0,100.0,100.0,80.0,95.36764705882352,80.0,79.0,1.0
14690055,LYNDA IS NOT VERY GOOD AT TENNIS,90.0,100.0,100.0,100.0,80.0,86.56390134529148,80.0,79.0,1.0
14690006,JAYME IS GOING TO SEE CAT,80.0,100.0,100.0,100.0,80.0,88.9594972067039,80.0,79.0,1.0
1130155,AND I'M A CAT,90.0,100.0,100.0,100.0,80.0,89.38559322033899,80.0,79.0,1.0
1130102,TOM NEEDS NEW SHORTS,80.0,81.0,100.0,75.0,70.0,82.0,70.0,71.0,1.0
1130047,SIX SEVEN NINE SEVEN,90.0,100.0,100.0,100.0,90.0,85.08458646616542,80.0,79.0,1.0
1130023,ANDY IS FROM LAOS,80.0,73.0,100.0,75.0,80.0,82.0,70.0,69.0,1.0
1130002,BOB LIKES BLUE,80.0,80.0,100.0,66.66666666666666,70.0,82.07191780821918,70.0,71.0,1.0
14690113,SO MIKE WENT INTO THE LIVING ROOM,90.0,100.0,100.0,100.0,70.0,82.87650602409639,80.0,79.0,1.0
22520345,REMEMBER THE TIME YOU WERE HUNGRY,90.0,100.0,100.0,100.0,70.0,86.59031413612566,80.0,79.0,1.0
95530173,I WANT THE TRUTH THE TRUTH,80.0,100.0,100.0,100.0,80.0,100.0,80.0,81.0,1.0
95530161,I KNOW THAT WAS UNDERSTANDING,80.0,100.0,100.0,100.0,80.0,86.8876923076923,80.0,79.0,1.0
95530154,HE HAD ALMOST LOST HER,90.0,100.0,100.0,100.0,80.0,88.50165562913907,80.0,79.0,1.0
95530085,I HAVE HOWEVER FOUND THE FOLLOWING,80.0,100.0,100.0,100.0,80.0,88.9594972067039,80.0,79.0,1.0
95530066,BUT THAT WOULD NOT ALONE EXPLAIN HIS PLEASURE,80.0,100.0,100.0,100.0,80.0,89.38559322033899,80.0,79.0,1.0
28970329,I SHOUTED AS I JUMPED OUT OF THE TRUCK,80.0,100.0,100.0,100.0,90.0,100.0,80.0,81.0,1.0
28970251,HAD A GREAT FIRST DAY OF SCHOOL,80.0,100.0,100.0,100.0,90.0,100.0,80.0,81.0,1.0
24380197,USED TO BE AN OLD SCHOOL I THINK,90.0,100.0,100.0,100.0,80.0,100.0,80.0,81.0,1.0
24380194,ROLL UP TO THE PARTY LIKE,80.0,100.0,100.0,100.0,90.0,100.0,80.0,81.0,1.0
24380154,CALL ME IF YOU DO,90.0,100.0,100.0,100.0,90.0,100.0,80.0,81.0,1.0
24380040,THERE'S TOO MUCH A STAKE TO DO OTHERWISE,80.0,100.0,100.0,100.0,90.0,100.0,80.0,81.0,1.0
60990155,AND HE HELD ALL THE HAND,80.0,80.0,100.0,83.33333333333334,60.0,67.85999999999999,70.0,69.0,1.0
30140092,WELL THAT IS THAT,90.0,100.0,100.0,100.0,90.0,83.85869565217392,80.0,79.0,1.0
28920174,THIS IS AN OLD PATTERN,80.0,100.0,100.0,100.0,80.0,99.32692307692308,80.0,81.0,1.0
28920044,ONE WAS KILLED AND THE OTHER WAS WOUNDED,80.0,98.0,100.0,100.0,80.0,93.50352112676056,80.0,79.0,1.0
28920027,I THINK HE'S IN A REAL BIND,90.0,100.0,100.0,100.0,80.0,100.0,80.0,81.0,1.0
95530010,BE SEATED IF YOU PLEASE SIR,80.0,100.0,100.0,100.0,80.0,88.33791208791209,80.0,79.0,1.0
91180161,NOTHING REMAINS FOR US BUT WAIT AND HOPE,80.0,98.0,100.0,100.0,80.0,93.30607476635514,80.0,79.0,1.0
11860359,SHE HAD HERE OWN WILL,80.0,98.0,100.0,100.0,80.0,88.01470588235293,80.0,79.0,1.0
30750128,WE HAD A WEEK OF WAITING,90.0,100.0,100.0,100.0,90.0,100.0,80.0,81.0,1.0
30750057,WE ARE GOING THERE AFTER DINNER,80.0,100.0,100.0,100.0,90.0,98.78521126760565,80.0,81.0,1.0
30750034,IT WAS EASY WHAT HE HAD TO DO,90.0,100.0,100.0,100.0,80.0,100.0,80.0,81.0,1.0
91180091,WOULD THE GENTLEMAN STATE HIS BUSINESS PLEASE,70.0,74.0,100.0,71.42857142857143,80.0,81.76966101694916,70.0,69.0,1.0
91180088,I TURNED MY EYES ROUND AS FAR AS WAS POSSIBLE,80.0,100.0,100.0,100.0,80.0,100.0,80.0,81.0,1.0
91180078,BECAUSE I SEE YOUR BODY ACTING IN A CERTAIN WAY,80.0,100.0,100.0,100.0,80.0,99.5332618025751,80.0,81.0,1.0
91180056,SOMETHING TERRIBLE WAS IN PREPARATION,80.0,100.0,100.0,100.0,80.0,84.73214285714286,80.0,79.0,1.0
91070162,THEN THIS WAS THE SECRET OF IT ALL,80.0,100.0,100.0,100.0,80.0,100.0,80.0,79.0,1.0
91070143,SHE SENDS YOUR HER REGARD,80.0,96.0,100.0,100.0,90.0,95.89285714285714,80.0,79.0,1.0
91070140,YOU HAVE NO NEED TO TROUBLE YOURSELF TO COME,80.0,100.0,100.0,100.0,90.0,100.0,80.0,81.0,1.0
4610177,IT'S GOING TO BE A BUSY WEEK,80.0,100.0,100.0,100.0,80.0,100.0,80.0,81.0,1.0
28920242,WANT TO GET RID OF THOSE DARK SPOTS,80.0,100.0,100.0,100.0,90.0,100.0,80.0,81.0,1.0
28920213,THEY MADE IT EASY TO FIND EVERYTHING,80.0,100.0,100.0,100.0,90.0,100.0,80.0,81.0,1.0
11810247,I CAN TELL YOU THE REASON WHY,90.0,100.0,100.0,100.0,90.0,100.0,80.0,81.0,1.0
11810246,AM I THE ONLY ONE HERE,80.0,100.0,100.0,100.0,80.0,100.0,80.0,81.0,1.0
30140128,WE MISS YOU AT EVERY TURN,80.0,100.0,100.0,100.0,80.0,85.86538461538461,80.0,79.0,1.0
30140126,IT WAS OF HER I WANTED TO HEAR OF HER,80.0,100.0,100.0,100.0,70.0,100.0,80.0,81.0,1.0
54060017,THINK OF YOUR BROTHER,90.0,100.0,100.0,100.0,80.0,84.09671532846716,80.0,79.0,1.0
1120162,WHERE IS YOUR BOAT,80.0,100.0,100.0,100.0,90.0,88.4400826446281,80.0,79.0,1.0
1120148,MANDY LIVED IN CANBERRA,70.0,52.0,100.0,50.0,80.0,82.94014084507043,60.0,61.0,1.0
95580173,THIS MESSAGE GIVES ME HOPE,80.0,100.0,100.0,100.0,80.0,87.77597402597402,80.0,79.0,1.0
95580166,I SHALL PUT HIM IN THE ADVERTISEMENT THIS TIME,80.0,99.0,100.0,100.0,80.0,88.06818181818181,80.0,79.0,1.0
95580133,I THINK THAT SHE HAD NO CAUSE TO LEAVE ME,80.0,100.0,100.0,100.0,80.0,100.0,80.0,81.0,1.0
1120038,THREE SEVEN ONE EIGHT,90.0,100.0,100.0,100.0,90.0,86.40625,80.0,79.0,1.0
1120031,SEVEN NINE FOUR SIX,90.0,100.0,100.0,100.0,90.0,99.63709677419357,80.0,81.0,1.0
1110173,AND ONE OF FISH PLEASE,70.0,82.0,100.0,80.0,80.0,76.25999999999999,70.0,71.0,1.0
15010097,TEDDY CAN SEE THE BUS,80.0,95.0,100.0,100.0,90.0,100.0,80.0,79.0,1.0
15010094,JIM LIKES YOUR BLUE SWEATER,80.0,99.0,100.0,100.0,80.0,90.58566433566436,80.0,79.0,1.0
54320015,I'LL TELL MY MOTHER,80.0,100.0,100.0,100.0,80.0,84.83208955223881,80.0,79.0,1.0
36310041,TRY AND DO GOOD WHERE YOU ARE,90.0,100.0,100.0,100.0,80.0,98.97727272727272,80.0,81.0,1.0
36310036,SHE WAS SO LIKE YOU CHILD,80.0,97.0,100.0,100.0,80.0,93.70283018867924,80.0,79.0,1.0
34120174,I AM TO TAKE THE CHAIR,80.0,100.0,100.0,100.0,80.0,100.0,80.0,81.0,1.0
34120162,IT WAS A SMALL ONE,80.0,100.0,100.0,100.0,80.0,97.73760330578511,80.0,81.0,1.0
30140075,I TELL YOU WHAT IT'S LIKE,90.0,100.0,100.0,100.0,80.0,100.0,80.0,81.0,1.0
30140025,I LIKE TO HAVE IT BEFORE MY EYES,80.0,100.0,100.0,100.0,80.0,100.0,80.0,81.0,1.0
30120173,HE WAS GOING HOME,80.0,100.0,100.0,100.0,90.0,89.38559322033899,80.0,79.0,1.0
91180064,DO YOU EVER TRY ME,80.0,100.0,100.0,100.0,90.0,100.0,80.0,81.0,1.0
15020088,BETTY HAS A BEAUTIFUL JEANS,80.0,76.0,100.0,80.0,80.0,79.94489361702128,70.0,69.0,1.0
15030077,LOOK AT THE BIG HAND,90.0,100.0,100.0,100.0,90.0,100.0,80.0,81.0,1.0
15030005,LYNDA IS GOING TO SEE MONKEY,80.0,96.0,100.0,100.0,80.0,100.0,80.0,79.0,1.0
54320020,THAT OLD WOMAN CAN FOLLOW,90.0,100.0,100.0,100.0,80.0,85.54878048780488,80.0,79.0,1.0
1110141,ANDY SAYS TODAY IS FRIDAY,70.0,81.0,100.0,80.0,70.0,82.0,70.0,71.0,1.0
1110135,DORA LOVES PEA,70.0,80.0,100.0,100.0,80.0,82.0,70.0,71.0,1.0
21160249,FOLLOW THE LINK BELOW TO REGISTER,80.0,100.0,100.0,100.0,80.0,88.9594972067039,80.0,79.0,1.0
21160185,HOW CAN IT BE SEPTEMBER ALREADY,90.0,100.0,100.0,100.0,90.0,84.50123152709361,80.0,79.0,1.0
54280078,HE HAS FOLLOWED ME HERE TO DO IT,80.0,100.0,100.0,100.0,80.0,100.0,80.0,81.0,1.0
54280062,BUT AT PRESENT THERE ARE THINGS WHICH MUST BE DONE,80.0,100.0,100.0,100.0,70.0,87.42363344051446,80.0,79.0,1.0
54280053,NO ONE COULD SEE IT,80.0,100.0,100.0,100.0,90.0,88.75,80.0,79.0,1.0
91070061,THE SHOCK WAS TOO MUCH FOR HIM,80.0,100.0,100.0,100.0,80.0,100.0,80.0,81.0,1.0
91070033,SHE IS SO GENTLE AND SWEET,80.0,100.0,100.0,100.0,80.0,100.0,80.0,81.0,1.0
5630225,CAN YOU SEE WHAT IS WHAT IT WAS FOR,80.0,84.0,100.0,88.88888888888889,80.0,70.52454545454545,70.0,71.0,1.0
80630140,I KNOW TOO MUCH ABOUT YOUR AGE,90.0,100.0,100.0,100.0,80.0,100.0,80.0,81.0,1.0
80630090,AND ALL UP AND DOWN THE ROADS EVERYBODY LIKES ME,80.0,99.0,100.0,100.0,90.0,94.51923076923076,80.0,79.0,1.0
80630086,IF SHE LOVES ME HE WILL READ MY WISHES,90.0,100.0,100.0,100.0,90.0,99.23578199052132,80.0,79.0,1.0
11560068,BUT IF THEY COOPERATE THEY MAY BENEFIT FROM THE SITUATION,90.0,100.0,100.0,100.0,80.0,87.42363344051446,80.0,79.0,1.0
11350303,SUPPORTING EACH OTHER IS THE KEY,70.0,81.0,100.0,83.33333333333334,70.0,79.89999999999999,70.0,71.0,1.0
36310098,LOVE YOUR PARENTS YOUNG ONES,80.0,100.0,100.0,100.0,80.0,87.078025477707,80.0,79.0,1.0
36310097,WHO IS TO SAY HOW TO IT WAS BROWN,80.0,75.0,100.0,77.77777777777779,80.0,98.97727272727272,70.0,71.0,1.0
27400171,I HAD SO MUCH FUN WITH YOU YESTERDAY,90.0,100.0,100.0,100.0,90.0,100.0,80.0,81.0,1.0
11350064,IN COLLEGE YOU COULD GET AWAY WITH THINGS,70.0,82.0,100.0,100.0,80.0,92.91666666666666,70.0,71.0,1.0
24480016,BUT THERE WAS NO IMMEDIATE OFFICIAL COMMENT,80.0,100.0,100.0,100.0,80.0,89.11057692307692,80.0,79.0,1.0
24410377,WHAT'S WRONG WITH YOUR EYES,90.0,100.0,100.0,100.0,90.0,98.125,80.0,81.0,1.0
24410368,THE MOTIVE FOR THE CRIME IS NOT FAR TO SEEK,80.0,95.0,100.0,100.0,80.0,100.0,80.0,79.0,1.0
24410322,AND FOR THIS HE IS PUT TO SHAME,80.0,100.0,100.0,100.0,80.0,100.0,80.0,81.0,1.0
24410318,LET HER HAVE HER OWN WAY FOR THE MOMENT,80.0,100.0,100.0,100.0,90.0,100.0,80.0,81.0,1.0
24410312,COLLEGE IS ALL ABOUT SETTING YOURSELF UP FOR THE FUTURE,80.0,100.0,100.0,100.0,90.0,99.32692307692308,80.0,81.0,1.0
24410294,IT'S PART OF THE SERIES,80.0,100.0,100.0,100.0,90.0,87.54032258064515,80.0,79.0,1.0
24410228,I KIND OF LIKE THIS SNOWSTORM,80.0,100.0,100.0,100.0,80.0,89.17134831460673,80.0,79.0,1.0
54280042,BUT YOU CAN MAKE HER A LADY,80.0,100.0,100.0,100.0,80.0,85.3409090909091,80.0,79.0,1.0
30600041,WILL YOUR GIVE THEM TO HER,70.0,59.0,100.0,83.33333333333334,70.0,65.61999999999999,60.0,61.0,1.0
30270175,THE DAY IS BOTH WINDY AND RAINY,80.0,100.0,100.0,100.0,80.0,93.36229946524064,80.0,79.0,1.0
52200089,HE COULD NOT EAT,80.0,100.0,100.0,100.0,80.0,100.0,80.0,81.0,1.0
960136,HE WANTS TO BE A CLEANER,80.0,100.0,100.0,100.0,80.0,88.75,80.0,79.0,1.0
960066,LEE LILLY GIVES UP BASEBALL,80.0,78.0,100.0,80.0,50.0,75.14,70.0,69.0,1.0
29370142,AND BY THEN IT WILL BE TOO LATE,80.0,100.0,100.0,100.0,80.0,100.0,80.0,81.0,1.0
29370123,BUT YOU KNOW WHAT'S COOL,90.0,100.0,100.0,100.0,90.0,100.0,80.0,81.0,1.0
20070157,AND NOW FOR WORK,80.0,100.0,100.0,100.0,90.0,83.62410071942446,80.0,79.0,1.0
20070154,BUT TO THESE MY FRIENDS,90.0,100.0,100.0,100.0,80.0,84.93263473053892,80.0,79.0,1.0
20070153,THE TWO ARE THE SAME,80.0,100.0,100.0,100.0,80.0,89.51530612244898,80.0,79.0,1.0
91010100,HE ASKED ME IF I WOULD WAIT FOR HIS RETURN,80.0,100.0,100.0,100.0,80.0,100.0,80.0,81.0,1.0
91010082,HE IS RICH MAN,80.0,100.0,100.0,100.0,90.0,87.25,80.0,79.0,1.0
27400289,IT WOULD BE A GREAT FOR US TO ADD HIM,80.0,94.0,100.0,90.0,80.0,100.0,80.0,79.0,1.0
27400238,NEED TO FIND A WAY TO FIX THAT,90.0,100.0,100.0,100.0,90.0,100.0,80.0,81.0,1.0
24410222,OR IT IS JUST ME AND WHO CARES,80.0,96.0,100.0,100.0,80.0,100.0,80.0,79.0,1.0
24410173,WONDER WHAT HE THINKS WE SHOULD DO WITH HIM,80.0,100.0,100.0,100.0,80.0,100.0,80.0,81.0,1.0
24410110,HE WOULD REACH BACK AND GET A LITTLE SOMETHING EXTRA,80.0,100.0,100.0,100.0,80.0,100.0,80.0,81.0,1.0
24410098,HE IS ALSO AMONG THOSE TRYING TO LEARN HOW,80.0,100.0,100.0,100.0,80.0,100.0,80.0,81.0,1.0
10990313,YES HE HAD KNOWN IT,80.0,100.0,100.0,100.0,90.0,88.75,80.0,79.0,1.0
10990279,WE WILL SEE YOU TOMORROW AT THE STREAM,90.0,100.0,100.0,100.0,90.0,100.0,80.0,81.0,1.0
80680174,THEY ARE A LAZY SIT,80.0,100.0,100.0,100.0,80.0,100.0,80.0,81.0,1.0
8110049,WE FEEL THE PUBLIC IS BEING USED,80.0,100.0,100.0,100.0,90.0,100.0,80.0,79.0,1.0
90880126,HE IS WORSE THAN LAST YEAR,80.0,100.0,100.0,100.0,90.0,100.0,80.0,81.0,1.0
90880090,THEY HAD TO SUPPORT HIM AND PUT HIM TO BED,90.0,100.0,100.0,100.0,80.0,100.0,80.0,81.0,1.0
24480241,HE WAS TRYING TO KEEP YOU SAFE,80.0,100.0,100.0,100.0,80.0,99.86111111111111,80.0,81.0,1.0
24480232,SOMETIMES THE BEST THING YOU CAN DO IS NOTHING,80.0,100.0,100.0,100.0,90.0,100.0,80.0,81.0,1.0
24480228,SO IN NEED OF A GOOD MOVIE,80.0,100.0,100.0,100.0,80.0,100.0,80.0,81.0,1.0
24480127,WOULD IT BE POSSIBLE FOR US TO DO AN INTERVIEW,80.0,100.0,100.0,100.0,90.0,100.0,80.0,81.0,1.0
24480105,BUT IT MIGHT BE ALL ABOUT THE PHYSICAL PLAY,80.0,100.0,100.0,100.0,90.0,99.69497607655504,80.0,81.0,1.0
80680106,COME DEAR PUT ON YOUR HAT,80.0,100.0,100.0,100.0,80.0,98.78521126760565,80.0,81.0,1.0
91010107,IF YOU NOT MORE THAN TEN I WILL MAKE FIGHT,80.0,95.0,100.0,100.0,80.0,96.70454545454544,80.0,79.0,1.0
10990082,ONE PERSON WAS KILLED AND TWO OTHERS WOUNDED,90.0,100.0,100.0,100.0,90.0,100.0,80.0,81.0,1.0
10760162,HOW HAPPY AM,70.0,69.0,100.0,100.0,70.0,98.08521126760564,70.0,69.0,1.0
10760067,LAYLA AT A LITTLE MUTTON,80.0,74.0,100.0,80.0,70.0,82.0,70.0,69.0,1.0
34120050,YES I LOVED HER,80.0,100.0,100.0,100.0,90.0,85.08458646616542,80.0,79.0,1.0
34120047,NO ONE KNOWS ME,80.0,100.0,100.0,100.0,90.0,89.06512605042016,80.0,79.0,1.0
34120012,HOW DO WE KNOW,80.0,100.0,100.0,100.0,90.0,85.86538461538461,80.0,79.0,1.0
34120002,GO TO HER I TELL YOU,90.0,100.0,100.0,100.0,80.0,99.81115107913668,80.0,81.0,1.0
25380340,HE HAD A MOMENT OF DOUBT,80.0,100.0,100.0,100.0,90.0,100.0,80.0,81.0,1.0
25380256,I HAVE NO IDEA WHY IT'S POPULAR,80.0,100.0,100.0,100.0,90.0,89.11057692307692,80.0,79.0,1.0
25380149,WORK IS NOT ALL THAT TO LIFE,80.0,100.0,100.0,100.0,90.0,100.0,80.0,81.0,1.0
25380133,ADVICE AS FAR AS WHAT,80.0,100.0,100.0,100.0,80.0,88.01470588235293,80.0,79.0,1.0
25380107,HE WAS REPORTED IN GUARDED CONDITION TODAY,80.0,99.0,100.0,100.0,80.0,89.85294117647058,80.0,79.0,1.0
8110110,GUNS WERE USED FOR ABOUT THREE OF EVERY FIVE KILLINGS,80.0,100.0,100.0,100.0,90.0,100.0,80.0,79.0,1.0
20070146,CAN YOU HELP ME NO TO,90.0,96.0,100.0,100.0,90.0,100.0,80.0,79.0,1.0
20070132,BUT THEY ARE NOT FLOWERS AT ALL,80.0,100.0,100.0,100.0,80.0,88.39622641509433,80.0,79.0,1.0
20070105,THE BIG DOG HELPS THEM,90.0,100.0,100.0,100.0,80.0,84.73214285714286,80.0,79.0,1.0
20070091,SO SANDY WENT ON TO PLAYGROUND,80.0,100.0,100.0,100.0,80.0,84.33823529411765,80.0,79.0,1.0
20070086,STEVEN CAN SEE THE BATHROOM,90.0,100.0,100.0,100.0,90.0,86.18788819875776,80.0,79.0,1.0
20070081,SO DORA WENT INTO THE HOME,80.0,98.0,100.0,100.0,90.0,90.95588235294116,80.0,79.0,1.0
20070066,DAVID GOT THE T SHIRT,90.0,100.0,100.0,100.0,90.0,89.00167785234899,80.0,79.0,1.0
20070065,ALISA HAS A BEAUTIFUL JEANS,80.0,100.0,100.0,100.0,90.0,83.02966101694915,80.0,79.0,1.0
29170231,IT WAS ONE OF THE BEST ONES TO ME,90.0,100.0,100.0,100.0,90.0,99.00943396226415,80.0,81.0,1.0
21120321,WHAT IF BUSINESS MAN SHOULD ACT IN THIS MANNER,80.0,100.0,100.0,100.0,80.0,84.55592105263158,80.0,79.0,1.0
21120296,THAT THING HAD A LOT OF TIRES,90.0,100.0,100.0,100.0,90.0,100.0,80.0,81.0,1.0
52200064,HE SHALL EAT IT,90.0,100.0,100.0,100.0,70.0,86.96428571428571,80.0,79.0,1.0
10610069,SANDY ATE A LITTLE PORK,80.0,83.0,100.0,100.0,70.0,75.41999999999999,70.0,71.0,1.0
90880060,YOU ARE NO LONGER KIND,90.0,100.0,100.0,100.0,80.0,100.0,80.0,81.0,1.0
85840141,IF I GIVE THE WORD YOU STAY ON,80.0,100.0,100.0,100.0,80.0,100.0,80.0,81.0,1.0
34120161,THE YEAR WAS NOW OVER,80.0,97.0,100.0,100.0,80.0,93.54323308270676,80.0,79.0,1.0
34120155,THEY ARE FORTY IN IT,80.0,79.0,100.0,80.0,80.0,82.0,70.0,71.0,1.0
10750060,BILLY LET'S A LITTLE TELL,80.0,84.0,100.0,83.33333333333334,70.0,72.9,70.0,71.0,1.0
80680066,GO DOWN AND FACE THEM LIKE A MAN,90.0,100.0,100.0,100.0,80.0,100.0,80.0,81.0,1.0
10990188,THESE KIDS NEED ALL THE HELP THEY CAN GET,90.0,100.0,100.0,100.0,90.0,100.0,80.0,81.0,1.0
21120171,THREW A PARTY OF COURSE,90.0,100.0,100.0,100.0,90.0,85.3409090909091,80.0,79.0,1.0
20160128,BE WITH SOMEONE WHO TAKES CARE OF YOU,90.0,100.0,100.0,100.0,100.0,100.0,80.0,81.0,1.0
20160068,SHE SHOULD BE MORE CONCERNED ABOUT ORGANIZED WORKERS,80.0,100.0,100.0,100.0,90.0,88.59439834024896,80.0,79.0,1.0
54060126,AND I WAS AFRAID OF YOUR COUSIN TOO,90.0,100.0,100.0,100.0,80.0,95.58497536945814,80.0,79.0,1.0
940042,ZERO ONE SEVEN SIX,90.0,100.0,100.0,100.0,100.0,85.0,80.0,79.0,1.0
930089,DORA HAS A BIG FOOT,90.0,100.0,100.0,100.0,80.0,86.62735849056604,80.0,79.0,1.0
20270077,TIM WAS WALKING TO T V ROOM,80.0,83.0,100.0,85.71428571428571,80.0,83.70192307692308,70.0,71.0,1.0
20160347,BUT SHE THOUGHT IT WAS GOING TO BE WORTH IT,90.0,100.0,100.0,100.0,90.0,100.0,80.0,81.0,1.0
20160335,WELL IT IS NOT A VERY GAY WORLD,90.0,100.0,100.0,100.0,90.0,100.0,80.0,81.0,1.0
21160120,GOING TO COME BACK AND TRY TO CLEAN UP SOMETHING,90.0,98.0,100.0,100.0,90.0,95.36764705882354,80.0,79.0,1.0
21160075,I THINK EVERYONE ACROSS THE BOARD IS SAD,90.0,100.0,100.0,100.0,90.0,91.60874439461884,80.0,79.0,1.0
21160027,THAT'S WHAT WE THINK THEY WERE LOOKING FOR,80.0,100.0,100.0,100.0,90.0,98.125,80.0,81.0,1.0
21120354,KILLING'S NOT PART OF IT,90.0,99.0,100.0,100.0,90.0,89.00167785234899,80.0,79.0,1.0
10500071,LYNDA HAS A BIG HAND,80.0,100.0,100.0,100.0,80.0,100.0,80.0,81.0,1.0
10500012,JAYME CAN PAINT THE PIG,70.0,77.0,100.0,80.0,80.0,90.72368421052632,70.0,71.0,1.0
10460162,HOW A GOOD HAVE COME,80.0,72.0,100.0,100.0,80.0,100.0,70.0,71.0,1.0
85810163,COME BACK HERE A MOMENT,80.0,100.0,100.0,100.0,90.0,98.91949152542374,80.0,81.0,1.0
9810283,SO GLAD TO HAVE A GOOD MAN NOW,80.0,100.0,100.0,100.0,80.0,100.0,80.0,79.0,1.0
10500152,WHAT DO YOU GO IN FOR,80.0,100.0,100.0,100.0,80.0,100.0,80.0,81.0,1.0
24480335,ARE YOU COMING TO BED,90.0,100.0,100.0,100.0,90.0,100.0,80.0,81.0,1.0
24480297,I BELIEVE IN YOU YOU CAN MAKE IT HAPPEN,80.0,100.0,100.0,100.0,90.0,100.0,80.0,81.0,1.0
32140087,YOU MAY GO DOWN,80.0,100.0,100.0,100.0,80.0,89.06512605042016,80.0,79.0,1.0
24880303,AND IT MEANS THE WORLD TO ME,80.0,100.0,100.0,100.0,80.0,100.0,80.0,81.0,1.0
24880299,THIS PROBABLY GOING TO BE THE BEST MOVIE EVER,80.0,100.0,100.0,100.0,80.0,97.985,80.0,81.0,1.0
24880269,WELL ALL TIME TO CALL IT A NIGHT,80.0,94.0,100.0,100.0,80.0,100.0,80.0,79.0,1.0
24880207,I REALLY NEED TO DO BETTER,80.0,100.0,100.0,100.0,90.0,99.46428571428572,80.0,81.0,1.0
24880195,WHERE DO YOU THINK IS A GOOD FIT,90.0,100.0,100.0,100.0,90.0,100.0,80.0,81.0,1.0
24880194,SO PLEASE FEEL FREE TO LET US KNOW,80.0,100.0,100.0,100.0,80.0,99.63709677419357,80.0,81.0,1.0
85840020,IT WAS ONLY ONE BY THE PAST THAT MORNING,80.0,100.0,100.0,100.0,90.0,100.0,80.0,81.0,1.0
52200008,BY WHAT RIGHT DO YOU ASK,80.0,94.0,100.0,100.0,70.0,88.13524590163934,70.0,71.0,1.0
20270167,HOW DOES IT BEGIN,90.0,100.0,100.0,100.0,90.0,84.87372093023255,80.0,79.0,1.0
930051,EIGHT ONE FOUR ZERO,80.0,100.0,100.0,100.0,80.0,86.40625,80.0,79.0,1.0
930040,FOUR ONE FIVE TWO,80.0,100.0,100.0,100.0,80.0,85.0,80.0,79.0,1.0
920136,SHE WANTS TO BE A DOCTOR,80.0,100.0,100.0,100.0,90.0,88.54281767955801,80.0,79.0,1.0
920122,SO JOHN WENT ON FOOT,90.0,100.0,100.0,100.0,80.0,83.39285714285714,80.0,79.0,1.0
30070093,HE WILL HAVE SIX WEEKS OF ME,80.0,100.0,100.0,100.0,70.0,100.0,80.0,81.0,1.0
30070066,HOW CAN I TELL IT YOU,80.0,73.0,100.0,83.33333333333334,70.0,100.0,70.0,71.0,1.0
30070022,WHAT WAS THE TIME NOW,80.0,94.0,100.0,100.0,90.0,100.0,80.0,79.0,1.0
30070015,IS THERE A GOOD PLACE AT TABLE,80.0,100.0,100.0,100.0,90.0,100.0,80.0,79.0,1.0
20310151,BLESSINGS FOR PEACE AND LOVE TO ALL,80.0,100.0,100.0,100.0,90.0,97.84763313609469,80.0,81.0,1.0
20310148,DOING BETTER THAN MOST OF US,90.0,96.0,100.0,100.0,90.0,100.0,80.0,79.0,1.0
20310042,BUT TO FIX OR NOT TO FIX,80.0,100.0,100.0,100.0,80.0,99.56288343558282,80.0,81.0,1.0
32140078,THIS WAS NOT FOR LONG,80.0,100.0,100.0,100.0,90.0,88.01470588235293,80.0,79.0,1.0
32140073,IT WAS ALL THERE,80.0,83.0,100.0,100.0,80.0,72.34,70.0,71.0,1.0
32140060,AND THEN PLEASE TO TELL ME HOW,90.0,99.0,100.0,100.0,80.0,88.57227488151659,80.0,79.0,1.0
32140001,LET ME DO AS I WISH,80.0,100.0,100.0,100.0,80.0,100.0,80.0,81.0,1.0
30750155,I HAVE DONE SOMETHING,90.0,100.0,100.0,100.0,80.0,83.85869565217392,80.0,79.0,1.0
85810012,IN THIS CASE WHAT A WAR,80.0,89.0,100.0,100.0,80.0,100.0,70.0,71.0,1.0
32140110,THE DOG THE DOG AGAIN,90.0,98.0,100.0,100.0,80.0,89.25675675675676,80.0,79.0,1.0
24510164,WHERE IN SOUTH AFRICA ARE YOU FROM,90.0,100.0,100.0,100.0,80.0,88.39622641509433,80.0,79.0,1.0
10390285,WHICH DO YOU CHOOSE TO EXPRESS,80.0,100.0,100.0,100.0,90.0,98.4527972027972,80.0,81.0,1.0
10390244,I JUST NEED TO HAVE A GOOD SUMMER,90.0,100.0,100.0,100.0,90.0,100.0,80.0,81.0,1.0
10390216,I WAS AT THE CONCERT,90.0,100.0,100.0,100.0,90.0,98.125,80.0,81.0,1.0
10390027,IT'S IN OUR INTEREST AND THE PUBLIC INTEREST,80.0,100.0,100.0,100.0,80.0,100.0,80.0,81.0,1.0
10370290,SO GOOD TO HAVE YOU ON THE FIELD FINALLY,80.0,100.0,100.0,100.0,90.0,100.0,80.0,81.0,1.0
10370217,YOU WANT TO BE CAREFUL,90.0,100.0,100.0,100.0,90.0,100.0,80.0,81.0,1.0
10370216,FINAL DAY OF THE MASTERS,80.0,100.0,100.0,100.0,90.0,100.0,80.0,81.0,1.0
10370202,SO KIND GOD BLESS YOU,90.0,100.0,100.0,100.0,90.0,89.77739726027397,80.0,79.0,1.0
10370131,AND IT WAS A WHILE BACK,90.0,100.0,100.0,100.0,90.0,99.81115107913668,80.0,81.0,1.0
10370099,I NOW KNOW THE ANSWERS TO THOSE QUESTIONS,90.0,100.0,100.0,100.0,90.0,100.0,80.0,81.0,1.0
10370070,IT WAS MORE THAN JUST ANOTHER HIT RECORD,90.0,100.0,100.0,100.0,90.0,98.37041884816752,80.0,81.0,1.0
20300143,NOT FOR ME THANK YOU,90.0,100.0,100.0,100.0,80.0,87.54032258064515,80.0,79.0,1.0
29370270,I GUESS YOU COULD SAY THIS IS IT,80.0,100.0,100.0,100.0,80.0,100.0,80.0,81.0,1.0
29370235,BECAUSE WE ARE ALL GOING TO BE DEAD,80.0,100.0,100.0,100.0,80.0,100.0,80.0,81.0,1.0
29370230,MY THOUGHTS AND PRAYERS ARE WITH FRIENDS TODAY,80.0,94.0,100.0,100.0,90.0,100.0,80.0,79.0,1.0
29370221,IT'S SUCH A GREAT SERIES,80.0,100.0,100.0,100.0,80.0,88.01470588235293,80.0,79.0,1.0
20310297,LIFE'S A BEACH AS IT WERE,80.0,100.0,100.0,100.0,80.0,89.82142857142857,80.0,79.0,1.0
20310295,BUT WHAT HAPPENED AT THE PARTY WHO KNOWS,80.0,100.0,100.0,100.0,100.0,100.0,80.0,81.0,1.0
20310273,WELL THEN A LOT OF PEOPLE ARE CLEARLY WRONG,80.0,100.0,100.0,100.0,90.0,99.23578199052132,80.0,81.0,1.0
30270083,MISS WEEKS IS HER NAME,90.0,100.0,100.0,100.0,80.0,89.00167785234899,80.0,79.0,1.0
30270013,YOU HAVE ONLY TO GO ON,80.0,100.0,100.0,100.0,80.0,97.16836734693877,80.0,79.0,1.0
240350,IT WAS A PROOF OF HIS FRIENDSHIP,90.0,100.0,100.0,100.0,90.0,100.0,80.0,81.0,1.0
240352,I FOUND I HAD NO NEED TO THINK,90.0,100.0,100.0,100.0,90.0,100.0,80.0,81.0,1.0
30153,MORE THAN THAT,90.0,100.0,100.0,100.0,90.0,85.3409090909091,80.0,79.0,1.0
240073,MOSTLY THE AMERICAN COMMUNITY IN EUROPE FOLLOWS THE GAME,90.0,100.0,100.0,100.0,90.0,88.06818181818181,80.0,79.0,1.0
440049,SEVEN THREE FOUR NINE,80.0,100.0,100.0,100.0,80.0,82.0,80.0,78.0,2.0
50170165,THERE WAS NO ONE ELSE QUITE LIKE HERE,80.0,99.0,100.0,100.0,80.0,97.40384615384616,80.0,78.0,2.0
24510195,SO GRATEFUL TO BE A PART OF THIS,80.0,100.0,100.0,100.0,80.0,97.6417525773196,80.0,78.0,2.0
490157,THERE WE GO,90.0,100.0,100.0,100.0,90.0,82.0,80.0,78.0,2.0
490151,BUT IT WILL BE EXCITING,90.0,100.0,100.0,100.0,70.0,82.0,80.0,78.0,2.0
490117,ANN WAS TALKING TO SCHOOL,70.0,83.0,100.0,80.0,70.0,81.3,70.0,72.0,2.0
490102,MARY LIKES YOUR RED SWEATER,80.0,98.0,100.0,100.0,80.0,82.0,80.0,78.0,2.0
24880258,DO YOU EVER THINK ABOUT THE THINGS YOU SAY,80.0,93.0,100.0,88.88888888888889,90.0,100.0,80.0,78.0,2.0
490047,THREE EIGHT NINE EIGHT,80.0,100.0,100.0,100.0,70.0,82.0,80.0,78.0,2.0
490002,MADE LIKES WHITE,90.0,99.0,100.0,100.0,80.0,82.0,80.0,78.0,2.0
440173,I'M GOING ALL WAY,80.0,82.0,100.0,80.0,80.0,84.66584158415841,70.0,72.0,2.0
1330126,STEVEN LIKES THE FARMER CITY SANDY,90.0,99.0,100.0,100.0,70.0,82.0,80.0,78.0,2.0
490164,I LOVE OUR CAR,90.0,100.0,100.0,100.0,80.0,82.0,80.0,78.0,2.0
490162,THE RABBIT WENT IN,90.0,100.0,100.0,100.0,80.0,82.0,80.0,78.0,2.0
10750002,DAVID CAN SEE THE CAT,90.0,98.0,100.0,100.0,90.0,81.02,80.0,78.0,2.0
14690082,TIM LOVES THE NEW SWEATER,90.0,100.0,100.0,100.0,70.0,82.0,80.0,78.0,2.0
22520290,SURELY YOU HAVE THE ANSWER RIGHT,90.0,95.0,100.0,100.0,80.0,91.42857142857144,80.0,78.0,2.0
54060036,ALL OF US WANT TO FORGET SOMETHING OR SOMEBODY,80.0,100.0,100.0,100.0,80.0,88.88940520446097,80.0,78.0,2.0
1120159,SHE WAS VERY PRETTY,90.0,100.0,100.0,100.0,80.0,82.2844827586207,80.0,78.0,2.0
1120090,BY BOB'S SHOULDER,90.0,100.0,100.0,100.0,90.0,82.0,80.0,78.0,2.0
30067,LAYLA IS GOOD AT SWIMMING,80.0,98.0,100.0,100.0,90.0,82.5,80.0,78.0,2.0
95550043,AND THERE IS WORSE BEHIND,80.0,98.0,100.0,100.0,90.0,87.54032258064515,80.0,78.0,2.0
1330128,SHE LIKES THE FARMER CITY SANDY,90.0,99.0,100.0,100.0,80.0,82.94014084507043,80.0,78.0,2.0
12930127,FANS NEED TO HAVE A LITTLE FAITH,80.0,99.0,100.0,100.0,90.0,96.50862068965516,80.0,78.0,2.0
60670017,OLD MEN LIKE MYSELF YOU CARE NOTHING ABOUT,90.0,100.0,100.0,100.0,90.0,90.3804347826087,80.0,78.0,2.0
9810349,I THOUGHT YOU WERE MARRIED,80.0,100.0,100.0,100.0,80.0,90.04310344827586,80.0,78.0,2.0
20310112,COACHES HAVE LEFT AS WELL,80.0,96.0,100.0,100.0,80.0,89.51530612244898,80.0,78.0,2.0
20300132,BUT WOULD YOU LIKE IT,90.0,98.0,100.0,100.0,80.0,88.25657894736841,80.0,78.0,2.0
20300097,THEN NEIL WALKED TO COUNTRY,70.0,82.0,100.0,80.0,60.0,82.0,70.0,72.0,2.0
920025,SIX FIVE TWO SEVEN,80.0,100.0,100.0,100.0,90.0,82.0,80.0,78.0,2.0
10500163,THE DESKS AND CHAIRS BROWN,80.0,100.0,100.0,100.0,80.0,77.14966101694915,80.0,78.0,2.0
1110099,MARK HAS A BEAUTIFUL SOCKS,80.0,97.0,100.0,100.0,80.0,84.73214285714286,80.0,78.0,2.0
1110094,MIKE LIKES THE OLD DRESS,80.0,86.0,100.0,80.0,70.0,75.69999999999999,70.0,72.0,2.0
96120004,AND THEN SOMETHING KNOCKED ME OUT OF THE WAY.,70.0,85.0,100.0,88.88888888888889,70.0,75.69999999999999,70.0,72.0,2.0
30059,TOMATO SPRING PHOTO,80.0,100.0,100.0,100.0,90.0,82.0,80.0,78.0,2.0
10500083,LOWEN LIKES THE THE OLD T SHIRT,80.0,80.0,100.0,100.0,80.0,97.34,70.0,72.0,2.0
34120111,HAD SHE NO MOTHER,80.0,94.0,100.0,100.0,90.0,92.91666666666666,80.0,78.0,2.0
10750104,SOME THREE WITH ON TO TEACHER'S OFFICE,70.0,84.0,100.0,100.0,70.0,77.38,70.0,72.0,2.0
490175,JAM LOOKED IN THE KITCHEN,90.0,100.0,100.0,100.0,70.0,82.0,80.0,78.0,2.0
1220013,LOOK AT THE WOLF,70.0,71.0,100.0,75.0,80.0,82.10962264150943,70.0,68.0,2.0
23270118,TIME TO GET THE SECOND ONE,90.0,93.0,100.0,100.0,80.0,99.46428571428572,80.0,78.0,2.0
14080339,I MUST COME TO YOU,90.0,100.0,100.0,100.0,90.0,92.30839416058392,80.0,78.0,2.0
14080336,BOSS WERE MADE TO BE BROKEN,90.0,97.0,100.0,100.0,80.0,84.66584158415841,80.0,78.0,2.0
1200015,WE WERE FORTUNATE TO GET BACK INTO THE BALL GAME,90.0,99.0,100.0,100.0,90.0,100.0,80.0,78.0,2.0
50150125,HE WAS LATE THIS MORNING TOO,80.0,93.0,100.0,100.0,80.0,97.16836734693877,80.0,78.0,2.0
10750168,HOW I THANK YOU,80.0,81.0,100.0,100.0,80.0,87.83536585365853,70.0,72.0,2.0
32140169,THEY WERE ALL MERRY,90.0,99.0,100.0,100.0,80.0,84.33823529411765,80.0,78.0,2.0
32140164,YOU WRITE TO ME,90.0,95.0,100.0,100.0,80.0,88.90368421052631,80.0,78.0,2.0
1120078,DOES JOHN LIKE THE BISCUIT,80.0,69.0,100.0,80.0,80.0,90.3804347826087,70.0,68.0,2.0
1120063,TURKEYS HOLIDAY JAZZ,80.0,84.0,100.0,100.0,80.0,78.22,70.0,72.0,2.0
10610057,DOES LILLY LIKE THE STEAK,80.0,83.0,100.0,80.0,70.0,80.17999999999999,70.0,72.0,2.0
52200076,I AM MUCH IN LETTER,80.0,99.0,100.0,100.0,80.0,83.95348837209302,80.0,78.0,2.0
96180009,THERE WAS A MAN BEHIND ME.,70.0,58.0,100.0,83.33333333333334,70.0,75.19222222222221,60.0,62.0,2.0
14200177,WHAT'S SEEMS TO BE THE PROBLEM,90.0,91.0,100.0,85.71428571428571,90.0,100.0,80.0,78.0,2.0
23270321,SHE TOUCHED HIM ON THE CHECK WITH HER LIPS,80.0,100.0,100.0,100.0,80.0,100.0,80.0,78.0,2.0
95580008,I WILL TELL YOU THE STORY OF HIS DEATH,80.0,93.0,100.0,88.88888888888889,80.0,100.0,80.0,78.0,2.0
52200066,THERE IS NOTHING AT ALL,80.0,100.0,100.0,100.0,80.0,100.0,80.0,78.0,2.0
960167,YES A LAKE,90.0,100.0,100.0,100.0,80.0,82.0,80.0,78.0,2.0
20070166,OH THOSE GOOD ONES,80.0,100.0,100.0,100.0,80.0,82.0,80.0,78.0,2.0
20070079,SO LOWEN WENT INTO THE FARM,80.0,96.0,100.0,100.0,90.0,90.72368421052632,80.0,78.0,2.0
9810029,HUMAN ERROR CAN ALSO BE A FACTOR,90.0,95.0,100.0,100.0,70.0,91.00857142857144,80.0,78.0,2.0
8110287,SORRY NOT A FAN OF THAT DECISION,80.0,91.0,100.0,85.71428571428571,100.0,100.0,80.0,78.0,2.0
90880064,EVEN THIS IS MORE THAN WE CAN SAY,80.0,92.0,100.0,87.5,90.0,100.0,80.0,78.0,2.0
14650164,HOW GOOD AND BEAUTIFUL,80.0,100.0,100.0,100.0,70.0,82.0,80.0,78.0,2.0
1130074,TEDDY LIKES GOLF,90.0,100.0,100.0,100.0,80.0,82.0,80.0,78.0,2.0
81530073,WHAT A PITY YOU HAVE HAD YOUR BREAKFAST,80.0,91.0,100.0,87.5,80.0,100.0,80.0,78.0,2.0
81530002,BE QUIET FOR A MOMENT,80.0,94.0,100.0,100.0,90.0,96.25,80.0,78.0,2.0
55470152,I'M NOT SO BAD AS ALL THAT,80.0,82.0,100.0,100.0,50.0,82.0,70.0,72.0,2.0
55470129,IT WAS SOME ONE ELSE,70.0,71.0,100.0,80.0,80.0,82.0,70.0,68.0,2.0
14220038,FOUR SEVEN,90.0,100.0,100.0,100.0,100.0,82.0,80.0,78.0,2.0
14200272,I WILL LET YOU KNOW IF I GET MINE TOO,80.0,94.0,100.0,100.0,90.0,97.06,80.0,78.0,2.0
24380278,HAPPY BIRTHDAY THANK YOU FOR YOUR ALL YOU DO,90.0,92.0,100.0,88.88888888888889,80.0,100.0,80.0,78.0,2.0
1490171,PLEASE PLEASE,70.0,70.0,100.0,50.0,90.0,85.0,70.0,68.0,2.0
1490127,HENNY LIVES IN SYDNEY NOW,80.0,82.0,100.0,80.0,70.0,82.0,70.0,72.0,2.0
1490093,HENNY CAN SEE THE CLASSROOM,80.0,95.0,100.0,100.0,90.0,89.00167785234899,80.0,78.0,2.0
1490080,CASEY LIKES YOUR BLUE BOOTS,70.0,82.0,100.0,80.0,70.0,82.0,70.0,72.0,2.0
1490077,LILLY LIKES LIKES YOUR RED GLOVES,80.0,100.0,100.0,100.0,70.0,82.0,80.0,78.0,2.0
1490016,JACK WENT TO SEE TIGER,80.0,92.0,100.0,100.0,90.0,100.0,80.0,78.0,2.0
1330172,I CAN'T BELIEVE THAT,80.0,100.0,100.0,100.0,90.0,82.0,80.0,78.0,2.0
1330170,THE CUB IS MINE,80.0,99.0,100.0,100.0,90.0,82.0,80.0,78.0,2.0
30120141,SHE WORKS HARD FOR US,90.0,95.0,100.0,100.0,80.0,90.3125,80.0,78.0,2.0
20270142,WOULD YOU HAVE ME FOR THE A SISTER,80.0,90.0,100.0,87.5,70.0,82.0,70.0,72.0,2.0
20310133,JUST WANT TO BE LEFT ALONE TO MY THOUGHTS,90.0,99.0,100.0,100.0,90.0,99.69497607655504,80.0,78.0,2.0
10760013,TIMMY CAN DRAW THE DUCK,80.0,79.0,100.0,80.0,70.0,89.06512605042016,70.0,72.0,2.0
80680108,WHY CANNOT SHE LIKE AN HONEST MAN WHO LIKES HER,80.0,95.0,100.0,100.0,80.0,89.90979381443299,80.0,78.0,2.0
91010109,BUT YOU HAD BEST WASTE NO TIME ON QUESTIONS,80.0,97.0,100.0,100.0,80.0,89.45754716981132,80.0,78.0,2.0
20270049,FIVE SEVEN THREE EIGHT,80.0,100.0,100.0,100.0,80.0,82.0,80.0,78.0,2.0
20270048,FIVE TWO ONE SIX,80.0,100.0,100.0,100.0,80.0,82.0,80.0,78.0,2.0
20070039,SIX EIGHT ZERO TWO,90.0,100.0,100.0,100.0,90.0,82.0,80.0,78.0,2.0
30600054,IT WILL TAKE US ELL OUR TAME,70.0,72.0,100.0,71.42857142857143,70.0,82.0,70.0,68.0,2.0
36310134,IT WAS ALL THE SAME TO HER,80.0,94.0,100.0,100.0,90.0,97.84763313609469,80.0,78.0,2.0
50290132,WHAT WOULD SHE DO ELSE BUT LOVE HIM,90.0,100.0,100.0,100.0,80.0,100.0,80.0,78.0,2.0
50290126,SO SHE ASKED ME WHAT I COULD DO,90.0,100.0,100.0,100.0,80.0,96.93527918781726,80.0,78.0,2.0
960002,LISA LIKES BROWN,80.0,98.0,100.0,100.0,70.0,82.0,80.0,78.0,2.0
96180010,THAT WAS JUST HOW SHE WAS.,80.0,65.0,100.0,83.33333333333334,70.0,100.0,70.0,68.0,2.0
54320140,I AM VERY SORRY FOR ASKING YOU,80.0,100.0,100.0,100.0,80.0,90.42910447761196,80.0,78.0,2.0
14690050,ALISA IS NOT VERY GOOD AT VOLLEYBALL,90.0,100.0,100.0,100.0,70.0,82.0,80.0,78.0,2.0
14690018,LOWEN IS GOING TO SEE MOUSE,90.0,97.0,100.0,100.0,80.0,86.59031413612566,80.0,78.0,2.0
14220167,NO I HAVE NOT,90.0,100.0,100.0,100.0,80.0,82.0,80.0,78.0,2.0
20300020,LILLY IS GOING TO SEE TIGER,90.0,98.0,100.0,100.0,70.0,82.0,80.0,78.0,2.0
20300017,TINA WENT TO SEE GOAT,80.0,99.0,100.0,100.0,70.0,85.1355421686747,80.0,78.0,2.0
27400201,I HOPE YOU FIND OUT WHAT THE WORD IS,80.0,92.0,100.0,100.0,100.0,100.0,80.0,78.0,2.0
27400176,ALL I WANT TO BE HAPPY,80.0,92.0,100.0,100.0,90.0,100.0,80.0,78.0,2.0
7360205,WHAT IS GOING ON IN MY LIFE RIGHT NOW,90.0,100.0,100.0,100.0,80.0,100.0,80.0,78.0,2.0
11350173,YET THEY END UP IN CELLS,80.0,84.0,100.0,100.0,70.0,84.77031413612565,70.0,72.0,2.0
11350026,BUT I SEE NO CAUSE FOR CONCERN OR ALARM,70.0,78.0,100.0,88.88888888888889,80.0,91.79054054054052,70.0,68.0,2.0
20070070,SANDY NEEDS NEW SWEATER,90.0,100.0,100.0,100.0,90.0,82.0,80.0,78.0,2.0
29370040,POLICE HAVE YET TO CHARGE ANYONE IN BOMBINGS,80.0,94.0,100.0,100.0,80.0,97.40384615384616,80.0,78.0,2.0
14650113,SO TEDDY WANT ON THE FLAT,80.0,82.0,100.0,83.33333333333334,60.0,82.0,70.0,72.0,2.0
14650085,MARY LIKES YOUR RED DRESS,80.0,100.0,100.0,100.0,90.0,82.0,80.0,78.0,2.0
1220068,SANDY LIKES SKIN,80.0,80.0,100.0,66.66666666666666,80.0,85.3409090909091,70.0,72.0,2.0
1130173,WHO WANTS SOME,90.0,100.0,100.0,100.0,80.0,82.0,80.0,78.0,2.0
1220137,MARY WANTS TO BE A STUDENT,70.0,82.0,100.0,100.0,80.0,85.16959798994975,70.0,72.0,2.0
91070089,I LIFTED MY HEAD AND KISSED HER,70.0,78.0,100.0,85.71428571428571,80.0,91.71838709677418,70.0,72.0,2.0
14690110,SO JACK WENT INTO THE CLASSROOM,90.0,100.0,100.0,100.0,80.0,82.0,80.0,78.0,2.0
15020161,SO I SEE YOU AT TEN IN THE MORNING,80.0,96.0,100.0,100.0,90.0,89.71,80.0,78.0,2.0
14650023,CATHY IS A FRIEND FROM FREEZE,80.0,82.0,100.0,83.33333333333334,70.0,86.18788819875776,70.0,72.0,2.0
14650011,HANDY CAN DRAW THE TURKEY,90.0,100.0,100.0,100.0,90.0,82.0,80.0,78.0,2.0
50390087,SAY MAY I WALK A LETTER WAY WITH YOU,90.0,100.0,100.0,100.0,70.0,96.6535874439462,80.0,78.0,2.0
50390011,AND HOW SHALL I FINISH THE TIRE,80.0,89.0,100.0,85.71428571428571,70.0,95.36764705882352,70.0,72.0,2.0
69020114,AS HE WENT HE CALLED OUT FOR HELP,70.0,70.0,100.0,87.5,60.0,83.79132231404958,70.0,68.0,2.0
52200155,WELL AND WHAT DO YOU THINK FRIENDS,80.0,100.0,100.0,100.0,80.0,92.91666666666669,80.0,78.0,2.0
930148,TINA LIFE IN NEW USUAL,80.0,81.0,100.0,80.0,80.0,92.04607476635512,70.0,68.0,2.0
11810314,OF THIS HE WOULD NOT HEAR WOOD,70.0,77.0,100.0,71.42857142857143,70.0,100.0,70.0,72.0,2.0
28920050,THOSE ARE FAITH FAMILY AND FREEDOM,90.0,98.0,100.0,100.0,90.0,85.51395939086295,80.0,78.0,2.0
4610176,CHECK OUT FOR THE WIN,80.0,78.0,100.0,80.0,70.0,92.53440366972475,70.0,72.0,2.0
30600160,OH MY SWEET CHILD,70.0,71.0,100.0,75.0,80.0,86.96428571428571,70.0,68.0,2.0
14080103,A FEW YEARS AGO THEY WERE TWO,70.0,74.0,100.0,100.0,80.0,89.78,70.0,68.0,2.0
5630147,HOW OLD IS THE INNER YOU,70.0,79.0,100.0,83.33333333333334,80.0,88.75,70.0,72.0,2.0
36310062,YOU TAKE AND GO AND LOOK AT IT NOW,90.0,92.0,100.0,100.0,80.0,100.0,80.0,78.0,2.0
36310047,AND SHE WOULD NOT HAND HIM,80.0,83.0,100.0,83.33333333333334,80.0,79.99823529411765,70.0,72.0,2.0
36310035,BUT THAT WILL IN CLOUDS,80.0,98.0,100.0,100.0,80.0,82.0,80.0,78.0,2.0
54060116,HE LOOKED MUCH OLDER,80.0,100.0,100.0,100.0,80.0,82.2844827586207,80.0,78.0,2.0
940093,HERE IS YOUR NEW PANTS,70.0,77.0,100.0,80.0,90.0,100.0,70.0,72.0,2.0
940049,FIVE EIGHT TWO NINE,90.0,100.0,100.0,100.0,100.0,82.0,80.0,78.0,2.0
15030115,TIM WAS WALKING TO COMPUTER ROOM,80.0,97.0,100.0,100.0,80.0,83.70192307692308,80.0,78.0,2.0
15030030,FIVE FOUR,90.0,100.0,100.0,100.0,80.0,82.0,80.0,78.0,2.0
91180044,WHERE YOU NOT ABLE TO BUY ANYTHING FROM THEM,80.0,97.0,100.0,100.0,90.0,100.0,80.0,78.0,2.0
91070174,ITS BEAUTY IS THE BEAUTY OF HIS OWN MIND,80.0,97.0,100.0,100.0,80.0,100.0,80.0,78.0,2.0
28920224,WE SHOULD BE MORE SELFISH,90.0,100.0,100.0,100.0,70.0,82.0,80.0,78.0,2.0
28920214,I AM READY TO MOVE UP AND ON,80.0,92.0,100.0,87.5,80.0,100.0,80.0,78.0,2.0
80630011,WHAT WOULD SHE DO UNDER THIS BE,80.0,91.0,100.0,85.71428571428571,80.0,100.0,80.0,78.0,2.0
20140121,HE'S COME TO USE THE BIRDBATH,80.0,99.0,100.0,100.0,90.0,87.34625668449198,80.0,78.0,2.0
21120161,ACTUALLY IS GOING TO BE BETTER OFF,90.0,98.0,100.0,100.0,90.0,86.04381443298969,80.0,78.0,2.0
20160207,THEY LOST FOR A HOST OF REASONS,90.0,96.0,100.0,100.0,80.0,89.85294117647058,80.0,78.0,2.0
69020123,DID I PLEASE YOU,80.0,98.0,100.0,100.0,80.0,82.0,80.0,78.0,2.0
1330068,BY STEVEN'S KING,90.0,100.0,100.0,100.0,90.0,82.0,80.0,78.0,2.0
1110047,FOUR SIX EIGHT FIVE,90.0,100.0,100.0,100.0,80.0,82.0,80.0,78.0,2.0
14200238,THEY HAD TO GET OUT,80.0,94.0,100.0,100.0,100.0,96.25,80.0,78.0,2.0
10460088,LUCY GOT THE SWEATER,70.0,77.0,100.0,75.0,90.0,99.02,70.0,72.0,2.0
10460061,LUCY SMALL FRIEND RICE,80.0,71.0,100.0,75.0,80.0,85.72032258064516,70.0,68.0,2.0
96330007,THERE ARE GOING TO BE MORE.,70.0,88.0,100.0,100.0,50.0,78.5,70.0,72.0,2.0
10460017,SAND RAN AWAY FROM THE DEER,60.0,63.0,100.0,66.66666666666666,70.0,100.0,60.0,62.0,2.0
10390303,HERE'S THE FIRST NEW PIECES,80.0,97.0,100.0,100.0,90.0,89.82142857142857,80.0,78.0,2.0
96400025,"MY OWN OWN DARLING, DARLING, DARLING JEWEL.",70.0,87.0,100.0,85.71428571428571,70.0,78.22,70.0,72.0,2.0
20310322,I LOSE MYSELF IN DARKNESS,80.0,100.0,100.0,100.0,90.0,82.0,80.0,78.0,2.0
10460030,TWO ZERO SIX FOUR,70.0,88.0,100.0,100.0,80.0,82.0,70.0,72.0,2.0
50170145,HE COULD HEAR NO MORE THAN BEFORE,80.0,98.0,100.0,100.0,80.0,97.84763313609469,80.0,78.0,2.0
14690121,LAYLA WASHED THE PEA,80.0,98.0,100.0,100.0,70.0,82.0,80.0,78.0,2.0
14690136,JAYME THIS IS GARLIC,90.0,100.0,100.0,100.0,60.0,82.0,80.0,78.0,2.0
14690150,AND SO BE IT,80.0,100.0,100.0,100.0,70.0,82.0,80.0,78.0,2.0
50720124,IT IS REALLY IMPORTANT THAT HE SHOULD BE QUIET,80.0,100.0,100.0,100.0,80.0,93.97151898734175,80.0,78.0,2.0
50720126,THE OTHERS TURN TO HER,80.0,95.0,100.0,100.0,80.0,91.42857142857144,80.0,78.0,2.0
85840075,THERE WAS SOME DIFFERENCE BETWEEN US,80.0,95.0,100.0,100.0,90.0,92.66104294478528,80.0,78.0,2.0
15010087,LOOK AT LOWEN'S JEANS,80.0,70.0,100.0,80.0,80.0,85.14307086614173,70.0,67.0,3.0
96400012,"TOO LONG, TOO SHORT, TOO BORING?",70.0,59.0,100.0,50.0,70.0,82.0,60.0,63.0,3.0
440145,HANDY LIVES IN BANGKOK NOW,70.0,71.0,100.0,100.0,70.0,75.14,70.0,67.0,3.0
85810038,TELL HIM THAT CHANGE WILL BE HIS BEST MEDICINE,70.0,97.0,100.0,100.0,80.0,89.3139097744361,70.0,73.0,3.0
30270049,SHE WOULD GO AND THEN WOULD BE HAPPY,90.0,100.0,100.0,100.0,70.0,94.93932038834951,80.0,77.0,3.0
32140082,THEN HE OPENED HIS EARS AND LOOKED AT HER,80.0,93.0,100.0,88.88888888888889,80.0,93.90402843601896,80.0,77.0,3.0
10370025,THEN I WAS LOOKING TO DO SOMETHING BETTER,80.0,89.0,100.0,100.0,90.0,100.0,80.0,77.0,3.0
10370140,OH AND ALSO THIS IS WHY YOU CONTRIBUTE TO THE,90.0,90.0,100.0,90.0,90.0,100.0,80.0,77.0,3.0
10390126,GOOD JOB WOULD BE PROUD,90.0,94.0,100.0,100.0,90.0,84.09671532846716,80.0,77.0,3.0
10390175,WHERE YOU CAN DO THAT AT,90.0,90.0,100.0,83.33333333333334,90.0,100.0,80.0,77.0,3.0
24510070,IT'S ALL PART AND PARCEL OF NEW MANAGEMENT STYLE,80.0,95.0,100.0,100.0,70.0,87.21390977443608,80.0,77.0,3.0
50150165,MUCH MORE THAN SISTER,90.0,94.0,100.0,100.0,90.0,87.25,80.0,77.0,3.0
10500149,ENDING NOW WHAT ARE YOU GOING TO DO,70.0,90.0,100.0,100.0,70.0,92.7246543778802,70.0,73.0,3.0
14200206,IT WAS A BEAUTIFUL DAY FOR A FLOAT,80.0,90.0,100.0,87.5,90.0,98.74,80.0,77.0,3.0
69020175,AND WHAT DID THEY SEE,80.0,98.0,100.0,100.0,80.0,75.69999999999999,80.0,77.0,3.0
20140059,ANDY LIKES THE LONG ANGRY LISTENS,70.0,87.0,100.0,100.0,70.0,77.18959798994973,70.0,73.0,3.0
54060044,THE ROOM WAS SOON FULL OF PEOPLE,80.0,98.0,100.0,100.0,80.0,83.62390134529147,80.0,77.0,3.0
96220014,"NO, NO. HE WAS TOO GOOD A WORKMAN FOR THAT.",70.0,74.0,100.0,100.0,50.0,33.97999999999999,60.0,63.0,3.0
54060147,SHE MUST BE HUNGRY AND SHE MUST BE COLD,90.0,100.0,100.0,100.0,90.0,96.45089285714286,80.0,77.0,3.0
11810168,BECAUSE YOU NEED A SHELF,80.0,78.0,100.0,80.0,80.0,100.0,70.0,73.0,3.0
4610239,THAT WAS HEAD TO SAY,80.0,85.0,100.0,80.0,60.0,82.0,70.0,73.0,3.0
80630155,OUR TEMPLE STAIRS ARE RATHER DARK,80.0,97.0,100.0,100.0,90.0,81.3,80.0,77.0,3.0
5630330,I LOOKED BUT COULD SEE NOTHING,70.0,70.0,100.0,83.33333333333334,80.0,78.07263473053892,70.0,67.0,3.0
930101,LOOK AT MARY'S CAP,80.0,92.0,100.0,100.0,80.0,96.61290322580643,80.0,77.0,3.0
60670072,HE LOOKED VERY HIGH OVER HER HEAD,80.0,91.0,100.0,85.71428571428571,80.0,99.46428571428572,80.0,77.0,3.0
60670140,BUT HE DID NOT MIND IT,80.0,89.0,100.0,100.0,80.0,100.0,80.0,77.0,3.0
30600104,THAT IS WHAT I DO KNOW,80.0,86.0,100.0,100.0,70.0,83.15869565217392,70.0,73.0,3.0
95530049,BUT AT DINNER THERE WERE PLANS TO BE MADE,90.0,89.0,100.0,88.88888888888889,90.0,98.61842105263158,80.0,77.0,3.0
91180101,LAST TIME I WAS YOUR JEST,80.0,90.0,100.0,83.33333333333334,80.0,100.0,80.0,77.0,3.0
80630014,THEIR FACES WERE SET HARD,80.0,92.0,100.0,100.0,80.0,92.91666666666666,80.0,77.0,3.0
30750108,AS FOR LOVING HER,80.0,89.0,100.0,100.0,70.0,74.85999999999999,70.0,73.0,3.0
95530016,ALL OTHER TIME IS PEACE,80.0,93.0,100.0,100.0,90.0,91.1436170212766,80.0,77.0,3.0
28920122,HOPE YOU HAD A GOOD MEAL,90.0,90.0,100.0,83.33333333333334,90.0,100.0,80.0,77.0,3.0
24410092,I THINK HE CAN LEAD US TO VICTORY AGAINST ANYBODY,80.0,94.0,100.0,90.0,80.0,100.0,80.0,77.0,3.0
15020022,BILLY IS FROM JAPAN,70.0,84.0,100.0,100.0,80.0,82.0,70.0,73.0,3.0
14220160,IT IS NO GOOD,70.0,87.0,100.0,100.0,80.0,79.61999999999999,70.0,73.0,3.0
50390020,THE PAIR WERE MARCHED AWAY,80.0,74.0,100.0,80.0,70.0,69.53999999999999,70.0,67.0,3.0
50390040,SOME OF THE MEETINGS ARE WONDERFUL,80.0,100.0,100.0,100.0,80.0,89.60227272727273,80.0,77.0,3.0
30600020,THERE ARE TOO SWEET,80.0,94.0,100.0,100.0,80.0,86.96428571428571,80.0,77.0,3.0
54320019,THE HOURS PASSED BY,80.0,97.0,100.0,100.0,80.0,79.61999999999999,80.0,77.0,3.0
14650038,TWO ONE SEVEN ZERO,80.0,95.0,100.0,100.0,100.0,82.0,80.0,77.0,3.0
14650059,JIM AT A LITTLE FISH,90.0,95.0,100.0,100.0,80.0,82.0,80.0,77.0,3.0
15030006,LYNDA WENT TO SEE DOG,70.0,60.0,100.0,60.0,70.0,73.18,60.0,63.0,3.0
54060149,I NEVER KNOW ONE OF THOSE PLACES FROM OTHER,80.0,100.0,100.0,100.0,80.0,95.46397379912663,80.0,77.0,3.0
5670189,I SEE YOU WHEN YOU GET THERE,80.0,82.0,100.0,85.71428571428571,80.0,88.61,70.0,73.0,3.0
54060173,AS FAR AS HE COULD SEE THE GAME WAS OVER,90.0,100.0,100.0,100.0,90.0,98.91949152542374,80.0,77.0,3.0
20020348,BILL HUNT PUT DOWN HIS BOOK,80.0,90.0,100.0,100.0,100.0,99.32428571428572,80.0,77.0,3.0
21160207,JUST GIVE THEM A CHANCE,90.0,92.0,100.0,100.0,90.0,91.42857142857144,80.0,77.0,3.0
1220159,WHAT HAVE WE HERE,70.0,68.0,100.0,100.0,70.0,82.0,70.0,67.0,3.0
1330002,JAYME LIKES YELLOW,80.0,95.0,100.0,100.0,90.0,82.0,80.0,77.0,3.0
15020061,BETTY ATE A LITTLE HAMBURGER,80.0,71.0,100.0,80.0,80.0,77.94,70.0,67.0,3.0
14650088,NEIL LIKES YOUR RED GROW WUSS,80.0,86.0,100.0,83.33333333333334,70.0,82.0,70.0,73.0,3.0
80680011,I COULDN'T THINK OF SUCH A THING,80.0,100.0,100.0,100.0,80.0,85.78947368421053,80.0,77.0,3.0
28970273,THIS IS AN OLD ARREST,80.0,92.0,100.0,100.0,90.0,92.91666666666666,80.0,77.0,3.0
5670310,WHAT THEY WE WERE DOING THERE,70.0,83.0,100.0,100.0,80.0,87.83657894736842,70.0,73.0,3.0
24410160,FINISHED RISE OF THE LAST NIGHT,80.0,93.0,100.0,100.0,80.0,89.04368421052631,80.0,77.0,3.0
27400372,SPRING AND THE BIRDS ARE COURTING,80.0,80.0,100.0,83.33333333333334,80.0,95.38,70.0,73.0,3.0
1220101,LOOK AT LISA SCARF,70.0,77.0,100.0,75.0,80.0,58.61999999999999,70.0,67.0,3.0
7650352,I PUT THE GUN DOWN,70.0,82.0,100.0,80.0,70.0,90.04310344827586,70.0,73.0,3.0
96180015,WE COULD PUT YOU IN A WORLD OF HURT.,70.0,69.0,100.0,88.88888888888889,60.0,78.28312252964426,70.0,67.0,3.0
960043,FOUR EIGHT THE FIVE,70.0,85.0,100.0,100.0,80.0,82.0,70.0,73.0,3.0
29370032,THE IDEAS OF COURSE ARE NOT NOT NEW,80.0,91.0,100.0,100.0,80.0,98.46,80.0,77.0,3.0
24380369,HAD IT HAPPENED ON PURPOSE,80.0,83.0,100.0,100.0,80.0,91.42857142857144,70.0,73.0,3.0
12280308,EXISTENCE IS SO BETTER FOR EVERY ONE OF US,70.0,89.0,100.0,100.0,70.0,73.50690376569037,70.0,73.0,3.0
50290136,BUT THERE WAS NOTHING LEFT,90.0,91.0,100.0,100.0,80.0,100.0,80.0,77.0,3.0
96180008,WHAT DO YOU THINK WHAT CAN BE THERE?,80.0,68.0,100.0,62.5,80.0,84.14473684210526,70.0,67.0,3.0
15030142,BETTER WANTS TO BE A GOOD CHARM,90.0,91.0,100.0,100.0,80.0,97.06,80.0,77.0,3.0
20020032,SHE PLANS TO RETURN TO THE CLASSROOM NEXT FALL,80.0,100.0,100.0,100.0,100.0,99.46428571428572,80.0,77.0,3.0
21160089,HOW DO YOU GET A REPORTER IN TO COVER THAT,90.0,92.0,100.0,90.0,90.0,98.125,80.0,77.0,3.0
20270020,JAYME WENT TO SEE CAT,80.0,96.0,100.0,100.0,80.0,84.73214285714286,80.0,77.0,3.0
930056,TABLE BLACKS WORK,80.0,97.0,100.0,100.0,90.0,82.0,80.0,77.0,3.0
91010050,HE SENDS ME FOR THAT PURPOSE AND HERE I AM,80.0,98.0,100.0,100.0,80.0,100.0,80.0,77.0,3.0
91010072,IF YOU MAKE ANY NOISE WE ARE LOST,80.0,89.0,100.0,100.0,80.0,92.21666666666668,70.0,73.0,3.0
24480244,LEARN THE WHY NOT JUST THE WHAT,80.0,91.0,100.0,85.71428571428571,80.0,98.78521126760565,80.0,77.0,3.0
50720079,BUT THAT HAS NOTHING TO DO WITH A MAN,80.0,99.0,100.0,100.0,80.0,100.0,80.0,77.0,3.0
80680133,YOU WOULD PUT YOURSELF BETWEEN ME AND SONG,90.0,92.0,100.0,87.5,80.0,96.50862068965516,80.0,77.0,3.0
930005,BILLY LIKES BLUE,80.0,95.0,100.0,100.0,80.0,82.0,80.0,77.0,3.0
12920259,ALSO THANKS TO ALL SPONSORS,80.0,93.0,100.0,100.0,90.0,93.86363636363636,80.0,77.0,3.0
1490155,WELL MOTHER,80.0,97.0,100.0,100.0,90.0,82.0,80.0,77.0,3.0
20270161,THE TIME IS COME,80.0,94.0,100.0,100.0,80.0,85.86538461538461,80.0,77.0,3.0
81530014,AS FOR MODERN FRIENDSHIP IT'S WILL BE FOUND IN CLASS,80.0,90.0,100.0,90.9090909090909,90.0,98.71835443037976,80.0,77.0,3.0
1130005,LYNDA LIKES THE PURPLE ONE,80.0,96.0,100.0,100.0,80.0,82.0,80.0,77.0,3.0
1130019,LISA CAN DRAW THE ZEBRA,80.0,96.0,100.0,100.0,80.0,82.0,80.0,77.0,3.0
1130024,JOHN LOVES AMERICA,80.0,85.0,100.0,100.0,80.0,82.0,70.0,73.0,3.0
1130073,MANDY GIVES UP ROWING,80.0,84.0,100.0,75.0,70.0,82.0,70.0,73.0,3.0
1130082,KATE LIKES FISH,80.0,96.0,100.0,100.0,70.0,82.0,80.0,77.0,3.0
1130087,LET'S DRAW ANN'S ARM,70.0,68.0,100.0,50.0,70.0,82.0,70.0,67.0,3.0
85840123,NOW WELL I REMEMBER EVERY MOMENT OF THE CENSE,80.0,93.0,100.0,88.88888888888889,90.0,93.25923076923075,80.0,77.0,3.0
95550053,WHO WOULD EVER WANT ONE OF THIS COLLECTION,80.0,87.0,100.0,87.5,70.0,74.85999999999999,70.0,73.0,3.0
20070095,THEN STEVEN WAR KEYED TO COMPANY,80.0,84.0,100.0,83.33333333333334,80.0,83.57758620689654,70.0,73.0,3.0
29370106,THIS IS NOT AN ARGUMENT FOR BUSINESS AS USUAL,80.0,93.0,100.0,88.88888888888889,80.0,100.0,80.0,77.0,3.0
29370126,WHO IS MOST BEAUTIFUL IN THEM,80.0,90.0,100.0,83.33333333333334,90.0,100.0,80.0,77.0,3.0
14080358,AS FOR MYSELF I THINK NOT OF HAPPINESS,70.0,84.0,100.0,87.5,70.0,82.0,70.0,73.0,3.0
15020010,PETER CAN PANT THE WETTER,80.0,80.0,100.0,80.0,80.0,92.69923076923077,70.0,73.0,3.0
15020017,DORA CAN PANT THE AUNT,80.0,70.0,100.0,80.0,70.0,80.55823529411765,70.0,67.0,3.0
15010137,JAYME IS DRAWING THE POTATO,80.0,81.0,100.0,80.0,80.0,92.53440366972475,70.0,73.0,3.0
15010145,TINA LIKES THE ENGLISH CLASS AT SCHOOL,80.0,95.0,100.0,100.0,80.0,94.51923076923076,80.0,77.0,3.0
25380091,IT IS AN INNER INTERNATIONAL WORD,80.0,85.0,100.0,83.33333333333334,70.0,82.0,70.0,73.0,3.0
25380217,WELL THAT WAS JUST RIDICULOUS,80.0,96.0,100.0,100.0,80.0,82.87758620689655,80.0,77.0,3.0
25380347,THEY ENTERED THROUGH THE OPENING ON THE BEACH,80.0,97.0,100.0,100.0,80.0,85.47524590163934,80.0,77.0,3.0
10750117,HONEY COME SEE THE GARDEN,90.0,94.0,100.0,100.0,70.0,87.77597402597402,80.0,77.0,3.0
54320073,HE PLAYS A PART,70.0,85.0,100.0,75.0,80.0,87.15425531914894,70.0,73.0,3.0
95580039,IF THIS WERE TRUE WHO COULD BE UNHAPPY,80.0,90.0,100.0,87.5,80.0,100.0,80.0,77.0,3.0
1140140,BILLY IS NOT A NURSE,80.0,85.0,100.0,80.0,80.0,82.18489361702127,70.0,73.0,3.0
1200050,I WILL PUT PRESSURE ON HIM AND MAKE HIM MISS,90.0,100.0,100.0,100.0,90.0,100.0,80.0,77.0,3.0
1220015,TIM IS GOING TO SEE DEER,70.0,83.0,100.0,83.33333333333334,90.0,87.1676923076923,70.0,73.0,3.0
1220021,SHE LOVES JAPAN,80.0,95.0,100.0,100.0,90.0,82.0,80.0,77.0,3.0
1220034,THREE EIGHT FOUR SEVEN,80.0,75.0,100.0,75.0,80.0,65.61999999999999,70.0,67.0,3.0
85810121,THERE WAS NO EXCEPTION TO HIS RULE,80.0,100.0,100.0,100.0,80.0,88.04906542056075,80.0,77.0,3.0
10500090,LOOK AT JAYME'S SNEAKERS,70.0,75.0,100.0,80.0,80.0,76.86489361702127,70.0,67.0,3.0
10610015,BILLY CAN SEE THE TURKEY,90.0,96.0,100.0,100.0,90.0,84.4120895522388,80.0,77.0,3.0
920010,IT IS A LITTLE SEA,80.0,85.0,100.0,80.0,80.0,84.33823529411765,70.0,73.0,3.0
10300216,DO YOU KNOW WHO AND WHAT YOU ARE SUPPORTING,90.0,100.0,100.0,100.0,100.0,100.0,80.0,77.0,3.0
1120098,ANN LIKES YOUR RED SHIRT,70.0,86.0,100.0,100.0,70.0,78.32014084507043,70.0,73.0,3.0
22520221,HAPPY TO BE YOUR HELP,80.0,92.0,100.0,100.0,90.0,94.51923076923076,80.0,77.0,3.0
10610073,LYNDA HAS ARE BIG EAR,80.0,90.0,100.0,100.0,80.0,94.51923076923076,70.0,73.0,3.0
10610102,STEVEN CAN SEE THE VAN,80.0,82.0,100.0,80.0,80.0,89.05923076923075,70.0,73.0,3.0
10750003,TIM CAN DRAW THE WHALE,80.0,72.0,100.0,80.0,80.0,76.82,70.0,67.0,3.0
30270033,I HAD BUT TO GO AFTER AND FIND THEM,90.0,99.0,100.0,100.0,70.0,91.42857142857144,80.0,77.0,3.0
85810040,I HAVE NEVER HAD TO HIDE FROM ANYBODY,80.0,81.0,100.0,87.5,70.0,75.06625,70.0,67.0,3.0
490087,LET'S DRAW TOM'S HOW,80.0,84.0,100.0,83.33333333333334,80.0,82.0,70.0,73.0,3.0
50170102,BUT YOU MUST NOT TELL ME I SAY YOU,80.0,99.0,100.0,100.0,90.0,100.0,80.0,77.0,3.0
50170005,NOTHING HERE IS REALLY HIS,80.0,100.0,100.0,100.0,90.0,95.1953125,80.0,76.0,4.0
81530167,YOU ARE AMONG FRIENDS AND IN GOOD HANDS,80.0,91.0,100.0,100.0,80.0,100.0,80.0,76.0,4.0
15010115,SO LYNDA WENT ON TO THE PARK,80.0,85.0,100.0,85.71428571428571,80.0,100.0,70.0,74.0,4.0
440005,ANDY LIKES BROWN,60.0,62.0,100.0,66.66666666666666,90.0,76.82,60.0,64.0,4.0
440147,LILLY LIVES IN CAIRO NOW,70.0,62.0,100.0,80.0,70.0,82.0,60.0,64.0,4.0
440035,THREE SIX FOUR SIX,70.0,89.0,100.0,100.0,90.0,81.52,70.0,74.0,4.0
30070108,NO SNOW WAS FALLING,70.0,85.0,100.0,75.0,80.0,92.91666666666666,70.0,74.0,4.0
30600042,IT WAS OVER KNOW,80.0,83.0,100.0,100.0,70.0,93.30607476635514,70.0,74.0,4.0
13340345,ROOT PUT HIS SHOULDER TO THE DOOR,80.0,82.0,100.0,85.71428571428571,80.0,99.12234042553192,70.0,74.0,4.0
23550260,I THOUGHT IT'S WAS A FUN FACT,80.0,88.0,100.0,87.5,80.0,97.57352941176472,80.0,76.0,4.0
1330112,DAVID THIS IS PEA,80.0,85.0,100.0,75.0,80.0,87.93478260869566,70.0,74.0,4.0
1110023,ANN IS FROM GERMANY,90.0,94.0,100.0,100.0,80.0,82.0,80.0,76.0,4.0
50720045,IT WAS NOT THAT SHE COLD NOT LOVE,80.0,88.0,100.0,87.5,80.0,100.0,70.0,74.0,4.0
14200086,AND A LOT OF PEOPLE OF HAVE,80.0,88.0,100.0,85.71428571428571,90.0,100.0,80.0,76.0,4.0
1140099,SANDY HAS A BEAUTIFUL CLOTH,80.0,96.0,100.0,100.0,80.0,82.0,70.0,74.0,4.0
96120014,"THIS WAS THE PLACE, ALL RIGHT.",70.0,83.0,100.0,83.33333333333334,70.0,93.54323308270676,70.0,74.0,4.0
30070159,THAT WAS HOW HE WAS,80.0,88.0,100.0,80.0,90.0,100.0,80.0,76.0,4.0
1330146,AND WE WERE MAKE THE CUPS,90.0,94.0,100.0,100.0,70.0,81.86,80.0,76.0,4.0
60670144,AND THESE MEN WOULD LET HER GO AGAIN,80.0,99.0,100.0,100.0,80.0,98.86904761904762,80.0,76.0,4.0
1490161,HERE IS YOUR CHEESE,70.0,85.0,100.0,75.0,80.0,93.4375,70.0,74.0,4.0
1490138,DAD GOT TWO PAINTS,80.0,85.0,100.0,75.0,90.0,91.42857142857144,70.0,74.0,4.0
1490002,PITY LIKES A BLUE BALLON,80.0,83.0,100.0,80.0,80.0,95.80445544554456,70.0,74.0,4.0
15020001,JACK LIKES THE BLACK BALL,80.0,61.0,100.0,60.0,80.0,82.0,60.0,64.0,4.0
54060104,I SHALL SEE YOU WHEN I WAKE,90.0,100.0,100.0,100.0,80.0,97.30263157894736,80.0,76.0,4.0
54060076,TELL THE GIRL TO PUT IT AWAY FOR YOURS TEA,80.0,96.0,100.0,100.0,80.0,100.0,80.0,76.0,4.0
12280161,THERE IS JUST SO MUCH WORK TO DO,80.0,88.0,100.0,100.0,70.0,100.0,80.0,76.0,4.0
28970088,I AM GOING TO LEARN,80.0,87.0,100.0,80.0,100.0,98.125,80.0,76.0,4.0
12920007,I WOULD NOT MAKE SUCH COMMENTS,80.0,87.0,100.0,83.33333333333334,80.0,100.0,80.0,76.0,4.0
960019,TOM CAN DRAW THE TIGER,70.0,95.0,100.0,100.0,80.0,82.0,70.0,74.0,4.0
55470082,HE WOMAN FOLLOW HIM UP THE SERE,80.0,88.0,100.0,100.0,60.0,81.02,70.0,74.0,4.0
55470172,DOES HE TREAT YOU WHERE,70.0,47.0,100.0,80.0,50.0,62.81999999999999,60.0,56.0,4.0
1220129,MARK LIKE A CABBAGE,70.0,85.0,100.0,75.0,80.0,89.17134831460673,70.0,74.0,4.0
1220127,BILL IS DRAWING TRAIN BEAN,60.0,73.0,100.0,80.0,70.0,49.1,60.0,64.0,4.0
30600070,BUT WHAT IS THE SOMETHING,70.0,73.0,100.0,80.0,70.0,65.9,70.0,66.0,4.0
4570167,ABOUT TO GO TO LUNCH,70.0,88.0,100.0,80.0,80.0,85.08458646616542,70.0,74.0,4.0
30750061,TAKE ARE LOOK AND ME,90.0,86.0,100.0,100.0,90.0,98.91949152542374,80.0,76.0,4.0
20140117,DANIEL IS MILKING THE COW,90.0,100.0,100.0,100.0,90.0,85.1355421686747,80.0,76.0,4.0
20140041,FOUR FOUR SEVEN SEVEN,80.0,85.0,100.0,75.0,100.0,91.91265060240964,70.0,74.0,4.0
80630091,NOW WILL YOU PLEASE SIT QUIRT STILL,90.0,93.0,100.0,100.0,90.0,85.14942583732056,80.0,76.0,4.0
11350374,WHAT WERE THE POLICE ABOUT,80.0,85.0,100.0,100.0,70.0,86.62735849056604,70.0,74.0,4.0
80680031,THAT EVENING SHE SHOWED HER LETTER TO HER FATHER,90.0,100.0,100.0,100.0,80.0,93.61401673640168,80.0,76.0,4.0
80680029,SO SHE HE WANTED IT EXPLAINED TO HIM,70.0,88.0,100.0,87.5,70.0,82.66634854771783,70.0,74.0,4.0
54060139,YOU SEE HE WANTS LAND AND WILL HAVE IT,80.0,95.0,100.0,100.0,80.0,92.07401673640166,80.0,76.0,4.0
14650043,EIGHT ZERO NINE ONE,90.0,93.0,100.0,100.0,90.0,82.0,80.0,76.0,4.0
50390059,I HOPE SAYS NOW YOU WILL LEAVE HIM,70.0,87.0,100.0,87.5,70.0,85.98624999999998,70.0,74.0,4.0
14080008,IT IS SOMETHING VERY DIFFERENT,80.0,95.0,100.0,100.0,80.0,88.75,70.0,74.0,4.0
14040155,O MY BROTHER'S CHILD,70.0,62.0,100.0,80.0,70.0,82.0,60.0,64.0,4.0
60670049,I WAS ANGRY WHEN I WROTE THEM,80.0,91.0,100.0,85.71428571428571,80.0,100.0,80.0,76.0,4.0
1220093,YOU NEED NEW GLOVES,70.0,89.0,100.0,100.0,70.0,82.0,70.0,74.0,4.0
20300053,LYNDA GOT THE SUNGLASSES,70.0,72.0,100.0,75.0,60.0,48.81999999999999,60.0,64.0,4.0
27400173,READY UP ON THE BENEFITS,90.0,88.0,100.0,80.0,90.0,100.0,80.0,76.0,4.0
91070074,AND THE WHOLE COURT WAS PLACED UNDER HIS ORDERS,80.0,90.0,100.0,100.0,80.0,99.46428571428572,80.0,76.0,4.0
50720078,THE LIKENESS TO THE LADY IS WONDERFUL,80.0,91.0,100.0,85.71428571428571,80.0,100.0,80.0,76.0,4.0
20160318,HE'S UNDER MY CARE TOO,90.0,88.0,100.0,100.0,90.0,100.0,80.0,76.0,4.0
21160002,HE WOULD NOT SAY IF THERE WERE SUSPECTS,90.0,92.0,100.0,87.5,90.0,100.0,80.0,76.0,4.0
90880145,IT WAS AS STILL AS DEATH,80.0,88.0,100.0,100.0,90.0,100.0,80.0,76.0,4.0
90880120,THINK OF ME AS THROUGH I WERE YOU SISTER,80.0,93.0,100.0,100.0,80.0,100.0,70.0,74.0,4.0
54320136,AH I DON'T LIKE THAT OTHER WORLD,70.0,82.0,100.0,100.0,80.0,97.03488372093022,70.0,74.0,4.0
1130118,TINA CAN SEE THE CAFE,80.0,88.0,100.0,80.0,80.0,82.0,70.0,74.0,4.0
20270113,LISTEN TO THE PIGS,80.0,85.0,100.0,75.0,80.0,89.17134831460673,70.0,74.0,4.0
15010121,LOWEN THIS CORN,80.0,66.0,100.0,66.66666666666666,80.0,80.53191780821916,70.0,66.0,4.0
10610017,AND THERE WAS DUCK,80.0,67.0,100.0,75.0,80.0,77.94,70.0,66.0,4.0
10750099,AND CAN SEE THE VAN,80.0,88.0,100.0,80.0,80.0,94.51923076923076,80.0,76.0,4.0
81530109,IT WAS QUITE A DIFFERENT LINE OF THOUGHT,80.0,88.0,100.0,87.5,80.0,100.0,80.0,76.0,4.0
14080117,THEY HAVE A LOT OF WINDOW TO OFF,80.0,100.0,100.0,100.0,80.0,100.0,80.0,76.0,4.0
1140130,DORA LOVES YAM,70.0,64.0,100.0,66.66666666666666,80.0,88.96559322033899,70.0,66.0,4.0
81530100,YET WHY THERE SHOULD BE NOTHING IS HARD TO SAY,80.0,86.0,100.0,90.0,90.0,100.0,80.0,76.0,4.0
52200020,PLAYS OFF AND ON ABOUT A COACH,80.0,98.0,100.0,100.0,80.0,83.54545454545455,80.0,76.0,4.0
10610080,BY TIM'S TOOTH,90.0,94.0,100.0,100.0,70.0,82.0,80.0,76.0,4.0
55470047,OF COURSE YOU MUST GO AS YOU PLEASE,90.0,95.0,100.0,100.0,70.0,90.21103896103897,80.0,76.0,4.0
54320149,THEY HAD LEFT THE PALACE TOGETHER THAT EVENING,70.0,95.0,100.0,100.0,80.0,89.57131004366812,70.0,74.0,4.0
1120101,LOOK AT TOM'S JEANS,70.0,66.0,100.0,80.0,80.0,82.5,70.0,66.0,4.0
20300171,WHAT SEE I IN THE STREET,80.0,71.0,100.0,66.66666666666666,70.0,84.16512605042016,70.0,66.0,4.0
440132,ANDY IS DRAW THE PEA,80.0,66.0,100.0,80.0,80.0,79.75999999999999,70.0,66.0,4.0
1110137,ALICE WANTS TO BE A POLICE,80.0,86.0,100.0,83.33333333333334,70.0,85.75920245398774,70.0,74.0,4.0
96100009,"WE ALL WERE, A LITTLE.",70.0,57.0,100.0,80.0,60.0,89.71153846153847,60.0,64.0,4.0
32140054,I HAVE ARE RIGHT,90.0,90.0,100.0,100.0,90.0,92.91666666666666,80.0,76.0,4.0
32140007,ONE DOES NOT YOU KNOW AFTER ARE TIME,80.0,87.0,100.0,100.0,80.0,85.47265060240963,70.0,74.0,4.0
10460079,JIM HAS A BIG HAD,80.0,86.0,100.0,80.0,80.0,100.0,80.0,76.0,4.0
10460050,TIM IS GOOD AT MOUNTAIN BANK,80.0,72.0,100.0,83.33333333333334,80.0,83.27631578947368,70.0,66.0,4.0
50170151,THERE WAS NOTHING UNDER THE EARTH,80.0,90.0,100.0,83.33333333333334,80.0,90.58566433566436,80.0,76.0,4.0
440021,MANDY LOVES LIVES IN AUSTRALIAN,70.0,70.0,100.0,80.0,80.0,72.34,70.0,66.0,4.0
85810043,YET YOU STILL HAVE MEETINGS,80.0,94.0,100.0,100.0,80.0,87.77597402597402,80.0,76.0,4.0
96330010,THEY HAD TO GET OUT OF THERE.,70.0,74.0,100.0,71.42857142857143,70.0,61.42,60.0,64.0,4.0
490017,DORA CAN SEE THE SHEEP,70.0,93.0,100.0,100.0,70.0,75.69999999999999,70.0,75.0,5.0
490144,ANN WANT TO THE DANCE CLASS,80.0,93.0,100.0,100.0,80.0,77.94,70.0,75.0,5.0
20310281,GOING TO BE A FUN TRIP,90.0,85.0,100.0,83.33333333333334,80.0,93.9353125,80.0,75.0,5.0
1110067,BILLY IS GOOD AT RACING,80.0,83.0,100.0,80.0,80.0,100.0,70.0,75.0,5.0
50150093,SHE CERTAINLY NEEDS YOU MUCH MORE THAN I DO,80.0,99.0,100.0,100.0,70.0,100.0,70.0,75.0,5.0
1200016,HE'S HAD A TRAFFIC HIGH SCHOOL CAREER,80.0,92.0,100.0,87.5,80.0,88.22183098591549,70.0,75.0,5.0
14080201,I KNOW IT WILL BE FOR ME,90.0,84.0,100.0,85.71428571428571,80.0,98.125,80.0,75.0,5.0
1220038,SEVEN FOUR FOUR ONE,80.0,90.0,100.0,100.0,80.0,87.54032258064515,80.0,75.0,5.0
60670041,IS SHE YOUNG AND PRETTY,80.0,83.0,100.0,80.0,90.0,100.0,80.0,75.0,5.0
60670044,YOU HAVE HAD IF OF OUR QUIET LIFE A READY,70.0,86.0,100.0,80.0,80.0,100.0,70.0,75.0,5.0
50390038,I THINK I HAVE NO MORE TO SAY AT PANS,80.0,94.0,100.0,90.0,70.0,100.0,70.0,75.0,5.0
50390048,HE WALKED AWAY SLOWLY INTO THE FUR,90.0,90.0,100.0,85.71428571428571,80.0,96.85810810810813,80.0,75.0,5.0
30600055,I WILL HELP HIM,80.0,88.0,100.0,100.0,80.0,89.81300884955752,80.0,75.0,5.0
30600099,TAKE CAR OF MY HAIR,80.0,89.0,100.0,100.0,80.0,83.83402366863905,80.0,75.0,5.0
21160303,SO THERE IS GOING TO BE A SNOW STORM TONIGHT,90.0,87.0,100.0,90.0,90.0,97.48287671232876,80.0,75.0,5.0
1220166,DADDY WE CAN SEE YOU,90.0,85.0,100.0,100.0,80.0,94.18893129770991,80.0,75.0,5.0
1130168,AND THE BUS TO DRIVE,90.0,88.0,100.0,80.0,80.0,87.54032258064515,80.0,75.0,5.0
1110039,ONE SIX FOUR FIVE,90.0,90.0,100.0,100.0,80.0,82.94014084507043,80.0,75.0,5.0
1110060,NUT RAINCOAT FLU,70.0,90.0,100.0,100.0,80.0,82.0,70.0,75.0,5.0
1330115,ANDY IS NOT A REAL NURSE,80.0,64.0,100.0,83.33333333333334,90.0,79.07659340659339,70.0,65.0,5.0
23550290,UNABLE TO CATCH THE JETS GAME,90.0,83.0,100.0,83.33333333333334,100.0,100.0,80.0,75.0,5.0
14040013,COME AND SEE THE SQUID,60.0,64.0,100.0,80.0,60.0,77.1,60.0,65.0,5.0
96170007,AND ONCE MORE SHE WAS ALL HIS OWN.,60.0,67.0,100.0,87.5,60.0,73.74,60.0,65.0,5.0
30270151,THAT WOULD BE BEST,80.0,85.0,100.0,75.0,80.0,100.0,80.0,75.0,5.0
12920270,REALLY IN DEED OF IT,80.0,86.0,100.0,80.0,90.0,93.30607476635514,80.0,75.0,5.0
1490153,AT SCHOOL BEN WAS PLAYING,80.0,91.0,100.0,100.0,90.0,82.0,80.0,75.0,5.0
50290038,AND WHAT HE MOST LIKE DO WILL BE,80.0,91.0,100.0,87.5,70.0,100.0,70.0,75.0,5.0
50290087,WHAT A PLACE TO LIVE IN DIS LONDON IN WINTER,80.0,94.0,100.0,100.0,70.0,96.98170731707316,70.0,75.0,5.0
12280261,IS THIS SUPPOSED TO BE A SURPRISE,70.0,57.0,100.0,85.71428571428571,70.0,100.0,60.0,65.0,5.0
50290145,THEN IN THAT CASE I CAN TELL YOU NOTHING,90.0,100.0,100.0,100.0,80.0,100.0,80.0,75.0,5.0
28970146,THIS IS THE ONLY ONE I FOUND,90.0,84.0,100.0,85.71428571428571,90.0,100.0,80.0,75.0,5.0
12280053,IT IS EXPECTED TO TURN DOWN THE IDEA AGAIN,70.0,89.0,100.0,88.88888888888889,70.0,84.60032258064516,70.0,75.0,5.0
12280054,SHE DROPPED ONLY NINE POINTS IN THE SECOND SET,70.0,92.0,100.0,100.0,70.0,97.48287671232876,70.0,75.0,5.0
15030118,SO LYNDA WENT TO ON TO PENT SHOP,80.0,89.0,100.0,100.0,70.0,92.105,70.0,75.0,5.0
15020029,RAW FOUR NINE FIVE,80.0,89.0,100.0,100.0,80.0,86.96428571428571,80.0,75.0,5.0
14650087,TIM GOLF THE NEW BOOTS,80.0,92.0,100.0,100.0,80.0,82.0,70.0,75.0,5.0
96170020,SHE WAS LOOKING AWAY FROM HIM AT THE FIRE.,70.0,57.0,100.0,44.44444444444444,70.0,100.0,60.0,65.0,5.0
960008,MIKE HAS GOT THE GRAPE,70.0,64.0,100.0,60.0,70.0,82.0,70.0,65.0,5.0
29170177,DOING IT RIGHT DURING THE LAST WEEK OF WORK,80.0,85.0,100.0,88.88888888888889,90.0,97.6417525773196,80.0,75.0,5.0
30600154,WILL YOUR HAVE HIM,80.0,66.0,100.0,75.0,70.0,78.46962264150943,70.0,65.0,5.0
30750119,WHO THEN OR THAT,90.0,87.0,100.0,100.0,80.0,93.28283018867924,80.0,75.0,5.0
11810222,THAT'S NOT EVEN A PREDICTION,80.0,84.0,100.0,83.33333333333334,80.0,100.0,70.0,75.0,5.0
20160295,SO GOOD TO BE BACK AT THE SCHOOL,80.0,84.0,100.0,87.5,90.0,100.0,80.0,75.0,5.0
20140055,MOON HAS A BIG GLOVES,80.0,85.0,100.0,80.0,90.0,98.125,80.0,75.0,5.0
91070142,YOU START A QUESTION AND IT'S LIKE STARTING A STONE,80.0,91.0,100.0,90.9090909090909,90.0,100.0,80.0,75.0,5.0
11810133,I NEED TO PICK UP A DESK,80.0,85.0,100.0,100.0,80.0,100.0,80.0,75.0,5.0
4610298,MOVE THE STAR WITH MORE MOVES,60.0,64.0,100.0,66.66666666666666,70.0,82.0,60.0,65.0,5.0
5630081,HE LOVED THE GAME AND HE LOVED TALKING ABOUT IT,80.0,98.0,100.0,100.0,80.0,98.125,70.0,75.0,5.0
52200142,DO DO GO AWAY FOR I AM AFRAID OF YOU,80.0,100.0,100.0,100.0,70.0,90.72368421052632,70.0,75.0,5.0
14650058,SANDY LIKE FRENCH FRIES,80.0,91.0,100.0,100.0,80.0,82.0,70.0,75.0,5.0
14650063,LINDA GOT SOME EGG,70.0,91.0,100.0,100.0,80.0,83.16489361702128,70.0,75.0,5.0
15030010,LAYLA CAN PAINT THE DOG,70.0,85.0,100.0,100.0,90.0,94.99,70.0,75.0,5.0
930162,I'M A NOT PARROT,90.0,99.0,100.0,100.0,80.0,92.61029411764706,80.0,75.0,5.0
96230021,I STILL HAD NO IDEA WHO HE WAS.,60.0,63.0,100.0,62.5,60.0,82.0,60.0,65.0,5.0
96230002,SHE WANTED TO GET OUT.,70.0,67.0,100.0,60.0,70.0,72.34,60.0,65.0,5.0
96220010,BUT IT CAN DO SO MUCH MORE THAN THAT.,60.0,61.0,100.0,88.88888888888889,50.0,12.0,50.0,55.0,5.0
91070040,BECAUSE EVEN NOW THINGS MIGHT TURN OUT DIFFERENTLY,80.0,92.0,100.0,87.5,90.0,100.0,80.0,75.0,5.0
11090329,I ASKED HER NOT TO,80.0,88.0,100.0,80.0,80.0,92.1590909090909,70.0,75.0,5.0
11350116,LOOKING TO GET IN TOUCH WITH YOUR MARKETING CREW,70.0,100.0,100.0,100.0,70.0,86.41230769230769,70.0,75.0,5.0
5670289,HE'S REASON FOR THE SEASON,70.0,83.0,100.0,100.0,70.0,100.0,70.0,75.0,5.0
7360196,GIRL YOU ALL YOU ALREADY KNOW THE ANSWER TO THAT,60.0,78.0,100.0,70.0,60.0,83.79132231404958,60.0,65.0,5.0
91010017,HE IS BURNING TO HAVE AT SOMEBODY,90.0,90.0,100.0,85.71428571428571,70.0,83.08962264150944,80.0,75.0,5.0
91010032,IT WANTS WHOLE BOAT TO ITSELF,90.0,89.0,100.0,100.0,80.0,88.33791208791209,80.0,75.0,5.0
1130123,ANN WAS WALKING TO MUSIC ROOM,80.0,92.0,100.0,100.0,70.0,82.0,70.0,75.0,5.0
14690062,DOES LOWEN LIKE THE STEAK,80.0,91.0,100.0,100.0,100.0,78.93853146853147,80.0,75.0,5.0
90880157,THE NAMES REMAINING WERE CALLED IN THE SAME MANNER,80.0,93.0,100.0,100.0,80.0,98.46,80.0,75.0,5.0
27400094,ASK THEM IF THEY PLAN TO VOTE,80.0,88.0,100.0,85.71428571428571,80.0,90.72368421052632,80.0,75.0,5.0
32140121,I HAVE NOT DONE THAT FOR MANY ARE LONG YEAR,80.0,85.0,100.0,90.0,70.0,94.89224137931036,70.0,75.0,5.0
34120035,FOR A SECOND WE LOOK BLACK,80.0,84.0,100.0,83.33333333333334,80.0,100.0,80.0,75.0,5.0
10760001,LYNDA LIKES ORANGE,80.0,66.0,100.0,66.66666666666666,80.0,72.61999999999999,70.0,65.0,5.0
10760002,MARY THAN POINT THE COW,70.0,69.0,100.0,100.0,70.0,68.56,70.0,65.0,5.0
30070058,HOW HE LOVES ME,80.0,85.0,100.0,75.0,80.0,100.0,80.0,75.0,5.0
930018,JOHN IS GO KING TO SEE CAT,70.0,75.0,100.0,85.71428571428571,80.0,85.51395939086295,70.0,65.0,5.0
20270171,HE CAN SWIM IT SURE,90.0,95.0,100.0,100.0,80.0,86.40625,80.0,75.0,5.0
20270174,IT WOULD BE OF NO US,80.0,75.0,100.0,100.0,60.0,64.78,70.0,65.0,5.0
10760060,DOES JUNE LIKE THE NOODLES,70.0,91.0,100.0,100.0,70.0,78.5,70.0,75.0,5.0
10760108,SO LAYLA WENT INTO THE POST OFFICE,70.0,71.0,100.0,85.71428571428571,50.0,58.06,70.0,65.0,5.0
81530038,BUT YET I THINK THERE WAS SOMETHING WANTING,80.0,88.0,100.0,87.5,80.0,100.0,70.0,75.0,5.0
81530085,I AM I MUST BE DEAR TO YOU,80.0,85.0,100.0,75.0,80.0,98.78521126760565,80.0,75.0,5.0
81530088,AS IF HE COULD FORGET HIM,80.0,85.0,100.0,83.33333333333334,80.0,94.8546511627907,80.0,75.0,5.0
10750062,BENNY GOATS SOME PORK,70.0,92.0,100.0,100.0,70.0,82.0,70.0,75.0,5.0
85840157,I BELIEVE IN THE FIGHT WHICH IS IN EVERYTHING,80.0,91.0,100.0,88.88888888888889,80.0,100.0,70.0,75.0,5.0
10610024,TEDDY IS FROM CANADA,70.0,91.0,100.0,100.0,70.0,80.46,70.0,75.0,5.0
1120156,THE DUCKS WANT SOME BREAD,70.0,67.0,100.0,80.0,80.0,70.38,70.0,65.0,5.0
10610087,BILLY NEEDS NEW CAP,80.0,92.0,100.0,100.0,70.0,75.14,70.0,75.0,5.0
10500108,MANDY CAN SEE THE GREAT WALL,80.0,85.0,100.0,83.33333333333334,70.0,100.0,70.0,75.0,5.0
10500110,LUCY CAN SEE THE HOMETOWN,90.0,83.0,100.0,80.0,80.0,100.0,80.0,75.0,5.0
10500113,THEN TINA WALKED TO SCHOOL,80.0,86.0,100.0,100.0,80.0,96.81949152542371,70.0,75.0,5.0
29370379,BEST TO PLAY SAFE ANYWAY,80.0,83.0,100.0,80.0,80.0,100.0,80.0,75.0,5.0
20310075,HERE IS A SUMMARY OF ITS MAJOR PROVISIONS,80.0,100.0,100.0,100.0,90.0,89.34310344827585,80.0,75.0,5.0
20310114,HE WAS MARRIED AND HAD THREE YOUNG SONGS,80.0,92.0,100.0,87.5,90.0,100.0,80.0,75.0,5.0
9810153,NOW IT FEELS LIKE HOME,70.0,91.0,100.0,100.0,80.0,81.58,70.0,75.0,5.0
9810204,ASH MAKES IT DIFFICULT TO RETURN TO WORK AFTER LUNCH,80.0,99.0,100.0,100.0,60.0,85.67134831460675,80.0,75.0,5.0
9810235,ALL BACK TO NORMAL TOMORROW,80.0,90.0,100.0,100.0,80.0,84.93263473053892,80.0,75.0,5.0
9810344,THIS IS NOT THE TREASURE,80.0,83.0,100.0,80.0,80.0,100.0,70.0,75.0,5.0
10300105,THE PAPER PUBLISHED NO DETAILS AND THERE WAS NO ATTACK,80.0,100.0,100.0,100.0,90.0,97.9304979253112,80.0,75.0,5.0
30070152,SOME OF THEM HAD TO WAIT THERE FOR YEARS,80.0,100.0,100.0,100.0,80.0,100.0,80.0,75.0,5.0
440089,SANDY HAS A BIG ARM,80.0,90.0,100.0,100.0,90.0,84.93263473053892,80.0,75.0,5.0
15020101,DAVID GOT ON THE TAX,80.0,87.0,100.0,100.0,90.0,93.86363636363636,80.0,75.0,5.0
85840036,HAD THE MOMENT REALLY COME,80.0,85.0,100.0,80.0,80.0,95.26175257731958,80.0,75.0,5.0
10460041,ZERO THREE ONE THREE,70.0,70.0,100.0,75.0,80.0,86.04381443298969,70.0,65.0,5.0
81530146,HOW LONG DO YOU SLEEP BY THE WAY,80.0,83.0,100.0,87.5,90.0,100.0,80.0,75.0,5.0
30079,LAYLA WANTS HAVE SOME SALAD,80.0,89.0,100.0,100.0,90.0,81.29348837209302,80.0,74.0,6.0
96310020,HE WAS NEVER EVEN IN THE ROOM.,70.0,100.0,100.0,100.0,60.0,92.265625,70.0,76.0,6.0
15020097,LYNDA CAN SEE THE JEEP,80.0,82.0,100.0,80.0,90.0,98.61842105263158,80.0,74.0,6.0
15010103,ALICE IS CLEAN THE CAR,80.0,86.0,100.0,100.0,90.0,84.09671532846716,80.0,74.0,6.0
15010170,YOU CAN SEE TO THE CHILD,80.0,83.0,100.0,83.33333333333334,70.0,97.35655737704916,80.0,74.0,6.0
52200168,HE COULD NOT GO ON WITH HIS WORK,80.0,91.0,100.0,87.5,80.0,93.98,80.0,74.0,6.0
55470080,TAKE HERE AND NO SMALL PART SHOULD BE THEIR,80.0,99.0,100.0,100.0,60.0,88.47162361623616,80.0,74.0,6.0
1130021,TOM LIVES IN FRANCE,80.0,65.0,100.0,75.0,80.0,69.25999999999999,70.0,64.0,6.0
15020070,I HAVE A BOAT OF LAMB,80.0,86.0,100.0,83.33333333333334,80.0,100.0,70.0,76.0,6.0
60670003,IT WAS SUCH AS A WONDERFUL DAY FOR ME,80.0,100.0,100.0,100.0,80.0,100.0,70.0,76.0,6.0
55470131,WE WALKED FOR AN HOUR,80.0,86.0,100.0,100.0,80.0,86.51597402597402,80.0,74.0,6.0
14220066,DORA GOT SOME CAKE,70.0,94.0,100.0,100.0,70.0,82.0,70.0,76.0,6.0
54320099,MONTHS AND MONTHS PASSED AWAY WITHOUT ANY CHANGE,80.0,94.0,100.0,100.0,80.0,85.99903474903475,80.0,74.0,6.0
15030015,SO SANDY WENT TO FIND THE SUPER,70.0,72.0,100.0,85.71428571428571,80.0,82.12123152709358,60.0,66.0,6.0
50390129,I SURE HE KNOWS MY ALREADY,80.0,90.0,100.0,83.33333333333334,80.0,96.61290322580643,80.0,74.0,6.0
1140108,LOOK AT THIS BIG JEEP,80.0,88.0,100.0,80.0,80.0,98.61842105263158,70.0,76.0,6.0
14040124,HE LOVE AND FIRST,70.0,57.0,100.0,75.0,60.0,94.19810810810812,70.0,64.0,6.0
50390001,HE HAD ALSO TO GET HIS MIND AWAY FROM HER,90.0,100.0,100.0,100.0,80.0,97.16836734693877,80.0,74.0,6.0
1220168,DO YOU WANT SOME CAN,80.0,88.0,100.0,80.0,80.0,100.0,70.0,76.0,6.0
21160212,IT'S MARCH WHY IS IT SNOWING,90.0,87.0,100.0,85.71428571428571,80.0,85.0,80.0,74.0,6.0
60990014,THIS IS WHAT ALL MEN DO,80.0,94.0,100.0,100.0,80.0,82.79205607476635,70.0,76.0,6.0
60990034,LOVE HIM HE DID NO AND COULD NOT,80.0,93.0,100.0,100.0,70.0,83.79132231404958,70.0,76.0,6.0
1330099,PETER IS WAS WALKING TO STUDY,80.0,91.0,100.0,100.0,80.0,88.75,70.0,76.0,6.0
23550257,ALWAYS GOOD TO SEE A BRITISH PREMIERE,80.0,82.0,100.0,85.71428571428571,100.0,100.0,80.0,74.0,6.0
1110076,JIM WANTS HAVE SOME PORK,80.0,94.0,100.0,100.0,80.0,82.0,70.0,76.0,6.0
14080279,HAPPY SUNDAY IS A DAY OF PRAISE,70.0,94.0,100.0,100.0,80.0,94.2827868852459,70.0,76.0,6.0
1140120,ALICE CAN SEE THE THEM PARK,80.0,87.0,100.0,100.0,80.0,82.0,80.0,74.0,6.0
54320037,NOT OFTENER THAN I CAN HELP,70.0,93.0,100.0,100.0,70.0,84.14473684210526,70.0,76.0,6.0
1110114,JIM WAS WALKING TO BATHROOM,90.0,88.0,100.0,80.0,70.0,82.0,80.0,74.0,6.0
69020037,DID HE LEAVE THEM HERE,80.0,94.0,100.0,100.0,70.0,81.86,70.0,76.0,6.0
30120106,AND WHAT'S MAY TO HOW US DO,80.0,84.0,100.0,87.5,80.0,95.95198675496688,80.0,74.0,6.0
29370153,YOU CAN DO IT BUD,80.0,82.0,100.0,100.0,90.0,96.70454545454544,80.0,74.0,6.0
20140173,IS THIS WERE THEIR HAVE,80.0,85.0,100.0,100.0,80.0,90.7236170212766,80.0,74.0,6.0
12280375,THEY WERE IN A TAP,80.0,85.0,100.0,100.0,80.0,90.72368421052632,80.0,74.0,6.0
30600156,WHY WHERE THEN COMING BACK,80.0,95.0,100.0,100.0,70.0,80.22734806629833,70.0,76.0,6.0
60990175,THE MAN TOLD WILLING FOR HIS OTHERS,70.0,95.0,100.0,100.0,70.0,80.73790697674418,70.0,76.0,6.0
30750042,FROM IT SHE LOOKED TO,80.0,94.0,100.0,100.0,70.0,94.60170731707316,70.0,76.0,6.0
20140028,SIX ZERO FOUR FIVE,80.0,85.0,100.0,75.0,90.0,89.17134831460673,80.0,74.0,6.0
20140048,ZERO FIVE ZERO ONE,80.0,86.0,100.0,100.0,80.0,85.86538461538461,80.0,74.0,6.0
20140087,SO JIM WENT ON TO LIBRARY,80.0,88.0,100.0,83.33333333333334,80.0,99.74137931034484,70.0,76.0,6.0
11090273,LOVE HIM SO MUCH FOR THAT,80.0,87.0,100.0,83.33333333333334,70.0,100.0,70.0,76.0,6.0
20140133,YOU CAN BEGIN SITTING WITH YOU LIKE,80.0,97.0,100.0,100.0,70.0,85.79347826086958,70.0,76.0,6.0
91010149,EACH MAN HAD A PIECE OF SOAP AND A TOWEL,70.0,99.0,100.0,100.0,80.0,94.8546511627907,70.0,76.0,6.0
11090277,WHEN IS THAT GOING TO BE FIXED,80.0,93.0,100.0,100.0,70.0,81.3,70.0,76.0,6.0
11810184,THERE IS STAT TIME FOR YOU TO JOIN US TOO,70.0,86.0,100.0,100.0,80.0,100.0,70.0,76.0,6.0
30120163,I WAS GLAD FOR IT,80.0,88.0,100.0,80.0,70.0,99.12234042553192,70.0,76.0,6.0
11810162,PLAYERS GET A PART ON THE BACK RIGHT,80.0,86.0,100.0,87.5,80.0,100.0,70.0,76.0,6.0
91010139,OTHER FURNITURE THERE WAS NONE,80.0,93.0,100.0,100.0,80.0,92.61029411764706,70.0,76.0,6.0
4610148,NO NEED FOR A DOCK,80.0,88.0,100.0,80.0,70.0,82.0,80.0,74.0,6.0
11810334,HE MUST ADMIT THAT TO HIMSELF,70.0,86.0,100.0,83.33333333333334,80.0,100.0,70.0,76.0,6.0
91180163,HE CAN ALMOST STAND ON HIS LEGS,80.0,84.0,100.0,85.71428571428571,80.0,92.91666666666666,80.0,74.0,6.0
54060099,BUT THEY MUST BE NINE ONES LIKE YOURS YOU KNOW,80.0,98.0,100.0,100.0,80.0,96.07071713147413,80.0,74.0,6.0
12920299,AWARDED AS BEST PICTURE OF THE YEAR,80.0,87.0,100.0,100.0,80.0,83.84910447761195,80.0,74.0,6.0
30750098,AND THEN YOU ARE ALL SO GOOD,80.0,88.0,100.0,85.71428571428571,80.0,94.51923076923076,70.0,76.0,6.0
30750076,BUT DO YOU GET ITS THERE,80.0,82.0,100.0,83.33333333333334,80.0,96.22,80.0,74.0,6.0
30750074,THE EVENING WAS FAILING,70.0,94.0,100.0,100.0,80.0,82.71853146853147,70.0,76.0,6.0
920173,A GOOD MANY,70.0,55.0,100.0,66.66666666666666,80.0,99.58,70.0,64.0,6.0
930014,BOBBY CAN SEE THE GOAT,80.0,95.0,100.0,100.0,70.0,79.89999999999999,70.0,76.0,6.0
91010055,SHE TRY AND SHE SUCCEED,80.0,87.0,100.0,100.0,80.0,84.93263473053892,80.0,74.0,6.0
7650346,HOLDING THE CUTS CLOSE CLOSED,70.0,93.0,100.0,100.0,80.0,82.0,70.0,76.0,6.0
30070025,THERE ARE BOTH MY HANDS,80.0,88.0,100.0,80.0,80.0,97.16836734693877,70.0,76.0,6.0
91010070,BUT ENGLISH ARE FOOLS,80.0,85.0,100.0,75.0,90.0,88.75,80.0,74.0,6.0
90880100,AND NOW YOU EXPECT THAT SHE SHOULD DO SO,80.0,96.0,100.0,100.0,80.0,100.0,80.0,74.0,6.0
28920012,SENDING YOU LOVE AND BLESSINGS,80.0,88.0,100.0,80.0,80.0,100.0,70.0,76.0,6.0
10610113,BETTY CAN SEE THE POST OFFICE,70.0,61.0,100.0,66.66666666666666,70.0,82.0,70.0,64.0,6.0
10750011,TEDDY CAN DRAW THE EAGLE,80.0,94.0,100.0,100.0,70.0,82.0,70.0,76.0,6.0
920040,FIVE SEVEN ONE THREE,90.0,85.0,100.0,75.0,90.0,87.54032258064515,80.0,74.0,6.0
96290015,"SHE ASKED, LOOKING UP AT ME.",70.0,72.0,100.0,100.0,60.0,63.38,60.0,66.0,6.0
34120085,AS FOR ME I AM WAITING,80.0,83.0,100.0,83.33333333333334,80.0,96.70454545454544,80.0,74.0,6.0
10610025,LILLY LOVES CHINA,70.0,93.0,100.0,100.0,80.0,82.0,70.0,76.0,6.0
930035,NINE EIGHT ONE SEEK,80.0,85.0,100.0,75.0,80.0,90.49418604651164,80.0,74.0,6.0
10460120,TINA LOVES PEARL,60.0,68.0,100.0,66.66666666666666,80.0,77.1,60.0,66.0,6.0
10500100,GOT A BIG TAXI,80.0,88.0,100.0,100.0,70.0,93.30607476635514,70.0,76.0,6.0
96470018,"ANYWAY, THANKS FOR YOUR HELP.",70.0,83.0,100.0,100.0,70.0,75.97999999999999,70.0,64.0,6.0
85810112,THERE IS SO LITTLE REAL FRIENDSHIP IN THE WORLD,80.0,90.0,100.0,100.0,80.0,92.7246543778802,80.0,74.0,6.0
52200004,WE DON'T WANT TO CARRY IT TOO FAR,80.0,100.0,100.0,100.0,70.0,98.86904761904762,70.0,76.0,6.0
30270073,BUT HOW I I TO TELL HER FATHER,90.0,92.0,100.0,87.5,70.0,71.22,80.0,74.0,6.0
10460158,BUT IT'S NOT FOR YOU,90.0,82.0,100.0,83.33333333333334,80.0,100.0,80.0,74.0,6.0
20300156,IT DO NOT WISH IT,80.0,100.0,100.0,100.0,80.0,82.94014084507043,80.0,74.0,6.0
20300121,THOSE ARE THEIR NOSES,70.0,94.0,100.0,100.0,70.0,82.0,70.0,76.0,6.0
81530023,YOU WILL NOT GET THE HANDSOME LOOKS,80.0,83.0,100.0,85.71428571428571,80.0,95.95198675496688,80.0,74.0,6.0
95550075,THE LIFT HAD STOPPED AT THEIR FLOOR,80.0,95.0,100.0,100.0,80.0,85.04828326180258,70.0,77.0,7.0
1330097,SANDY CAN SEEN THE GARDEN,70.0,92.0,100.0,100.0,80.0,93.86363636363636,70.0,77.0,7.0
13340217,THEY AIR ON THE SIDE OF UNDERSTANDING,80.0,98.0,100.0,100.0,80.0,100.0,70.0,77.0,7.0
30600085,I WILL TELL YOU WHAT IT IS,80.0,100.0,100.0,100.0,70.0,92.05310880829016,70.0,77.0,7.0
14080091,HE LOST FOR THE FEELS TIME IN FIVE,80.0,90.0,100.0,87.5,70.0,100.0,70.0,77.0,7.0
15030150,HOW COME YOU HERE,80.0,90.0,100.0,100.0,70.0,70.1,80.0,73.0,7.0
1330033,THREE SIX NINE EIGHT,70.0,98.0,100.0,100.0,70.0,74.3,70.0,77.0,7.0
15020065,JAYME GOT SOME HAMBURGER,80.0,94.0,100.0,100.0,90.0,85.3409090909091,70.0,77.0,7.0
15030001,DOOR WILL PAINT MY HOUSE ORANGE,80.0,67.0,100.0,83.33333333333334,80.0,82.63372093023256,70.0,63.0,7.0
52200152,EARLIER IN THE MORNING I WAS TO GO,80.0,100.0,100.0,100.0,80.0,88.28703703703704,80.0,73.0,7.0
50290042,BUT SHE SAW IT DIFFERENT,80.0,84.0,100.0,100.0,90.0,86.21153846153847,80.0,73.0,7.0
69020091,PUSHING THE DOOR OPEN I ENTERED,50.0,62.0,100.0,83.33333333333334,50.0,24.880000000000003,50.0,57.0,7.0
24380247,AT THE COST OF WHAT,80.0,78.0,100.0,80.0,80.0,100.0,80.0,73.0,7.0
50290060,MUST IT PLAY ANY MORE DIS AFTERNOON,80.0,95.0,100.0,100.0,80.0,100.0,70.0,77.0,7.0
960052,TWO FIVE FOUR THE,70.0,67.0,100.0,75.0,70.0,55.53999999999999,70.0,63.0,7.0
4610151,TIME FOR A BIT OF HONOR,80.0,96.0,100.0,100.0,70.0,80.17999999999999,70.0,77.0,7.0
95530005,I WISH I HAD NONE BUT MY OWN TO TELL,80.0,85.0,100.0,90.0,80.0,100.0,80.0,73.0,7.0
11860372,YES I LIVE ON THIS SEA,70.0,90.0,100.0,83.33333333333334,80.0,100.0,70.0,77.0,7.0
3060161,WHAT WHAT WOULD HAVE YOU HAPPEN,50.0,57.0,100.0,83.33333333333334,60.0,49.94,50.0,57.0,7.0
50290120,ALL AFTERNOON NOTHING HAPPENED,80.0,93.0,100.0,100.0,80.0,88.4400826446281,70.0,77.0,7.0
960073,SANDY GIVES UP BOXING,80.0,58.0,100.0,75.0,80.0,91.91265060240964,70.0,63.0,7.0
960050,EIGHT THE SEVEN NINE,80.0,85.0,100.0,75.0,80.0,82.0,80.0,73.0,7.0
50390090,NOTHING OF THE KIND HERE SIR,80.0,99.0,100.0,100.0,80.0,95.65789473684212,70.0,77.0,7.0
54320061,HE NOW HAD BOTH EYES WIDE OPEN,70.0,94.0,100.0,100.0,70.0,87.04545454545455,70.0,77.0,7.0
50720003,WHAT SHALL I DO WITH THEM,80.0,79.0,100.0,83.33333333333334,90.0,100.0,80.0,73.0,7.0
95580071,THE SECOND WAS RATHER LESS SIMPLE BUT NOT MUCH LONGER,80.0,99.0,100.0,100.0,80.0,91.2855871886121,70.0,77.0,7.0
50150028,SO WERE THE OTHERS,80.0,94.0,100.0,100.0,80.0,86.13372093023256,70.0,77.0,7.0
1140133,LISA GOT THE CABBAGE,80.0,82.0,100.0,75.0,90.0,93.25923076923075,80.0,73.0,7.0
14080243,ALL READY FOR A DAY OF LISTEN,80.0,99.0,100.0,100.0,80.0,95.9943181818182,70.0,77.0,7.0
1220037,FOUR FOUR ZERO,70.0,70.0,100.0,66.66666666666666,80.0,78.78,60.0,67.0,7.0
1220051,NINE SIX TWO FOUR,90.0,85.0,100.0,75.0,90.0,82.0,80.0,73.0,7.0
50390092,YOU FLOOR AT THAT,80.0,96.0,100.0,100.0,70.0,82.0,70.0,77.0,7.0
15020113,SO JACK WENT INTO THE COUNTRY,80.0,93.0,100.0,100.0,90.0,90.72368421052632,70.0,77.0,7.0
15010038,SIX TWO TWO ONE,80.0,85.0,100.0,75.0,90.0,85.0,80.0,73.0,7.0
15010125,LYNDA IS DRAW THE CABBAGE,60.0,71.0,100.0,80.0,80.0,78.84333333333332,60.0,67.0,7.0
96330009,I WOULD NEVER HAVE LEFT.,70.0,100.0,100.0,100.0,70.0,82.0,70.0,77.0,7.0
440062,GLOVES PLAN GROUND,70.0,64.0,100.0,66.66666666666666,80.0,66.74000000000001,70.0,63.0,7.0
440126,TEDDY THIS IS CUMBER,70.0,67.0,100.0,75.0,70.0,55.96,70.0,63.0,7.0
1130054,TWO THREE ZERO ZERO,70.0,66.0,100.0,75.0,80.0,62.81999999999999,70.0,63.0,7.0
55470088,IT WAS BETTER TO GET IT OFF,80.0,96.0,100.0,100.0,60.0,82.0,70.0,77.0,7.0
14650125,BILLY GOT A CROW,80.0,58.0,100.0,75.0,80.0,82.0,70.0,63.0,7.0
14200339,BUT WHAT IS THE MATTER WITH THE OLD MAN,80.0,79.0,100.0,88.88888888888889,90.0,100.0,80.0,73.0,7.0
14220027,LAYLA IS FROM AUSTRALIA,70.0,97.0,100.0,100.0,70.0,82.0,70.0,77.0,7.0
52200150,NOW DON'T YOU SEE HOW I AM FIXED,80.0,100.0,100.0,100.0,70.0,89.38559322033899,70.0,77.0,7.0
1120130,ANDY LOVES PEA,70.0,57.0,100.0,66.66666666666666,80.0,82.0,70.0,63.0,7.0
15020099,LYNDA GOT ON THE,80.0,57.0,100.0,75.0,80.0,82.0,70.0,63.0,7.0
50150170,I COULD NOT HELP TELLING HER THEN,80.0,91.0,100.0,85.71428571428571,70.0,93.4375,70.0,77.0,7.0
11090034,I KNOW HOW THEY LOOK,80.0,94.0,100.0,100.0,80.0,87.078025477707,70.0,77.0,7.0
11090020,THERE'S A WAY TO HELP OUR PROTECTION,70.0,96.0,100.0,100.0,70.0,85.94162995594714,70.0,77.0,7.0
80680173,WELL I WILL RING FOR HIM,90.0,81.0,100.0,100.0,90.0,97.16836734693877,80.0,73.0,7.0
7360250,HOW DO YOU THINK THIS PICTURE,80.0,90.0,100.0,100.0,70.0,95.95198675496688,70.0,77.0,7.0
7360004,THIS PAST WEEK HE PICKED IT UP AGAIN,60.0,75.0,100.0,100.0,60.0,87.35440366972476,60.0,67.0,7.0
5670282,THIS WILL BE A WILD RIDE TO THE FINISH,60.0,66.0,100.0,77.77777777777779,70.0,91.42857142857144,60.0,67.0,7.0
5670122,WHAT DO YOU LIKE TO TRAIN,70.0,90.0,100.0,83.33333333333334,70.0,100.0,70.0,77.0,7.0
5670198,SO IT'S GOOD THING FOR HIM,80.0,91.0,100.0,85.71428571428571,70.0,93.97151898734175,70.0,77.0,7.0
5630142,AUSTRALIA WHAT IS WRONG WITH YOU,80.0,100.0,100.0,100.0,70.0,86.22409326424871,70.0,77.0,7.0
96220005,BUT WHAT IF WHAT THEY WERE DOING WAS RIGHT?,50.0,40.0,100.0,0.0,50.0,85.0,50.0,57.0,7.0
930099,JACKIE HAS A BEAUTIFUL GLOVES,80.0,95.0,100.0,100.0,80.0,85.1355421686747,80.0,73.0,7.0
30120157,LET'S US SEE WHAT THEY ARE,80.0,91.0,100.0,85.71428571428571,80.0,96.85810810810813,70.0,77.0,7.0
34120165,SHE CARES FOR NO ONE,80.0,86.0,100.0,80.0,80.0,82.0,80.0,73.0,7.0
11350221,NO KIDDING NOT EVEN A LITTLE,80.0,93.0,100.0,100.0,80.0,87.15425531914894,70.0,77.0,7.0
80630170,FAR BETTER NOW WERE THERE IS STILL TIME,80.0,83.0,100.0,87.5,80.0,90.82286432160804,80.0,73.0,7.0
5630127,WATCH HERE TO SEE IF YOU ARE A WINNER,80.0,100.0,100.0,100.0,70.0,100.0,70.0,77.0,7.0
69020143,THESE MEN DO NOT RETURN,70.0,95.0,100.0,100.0,80.0,82.0,70.0,77.0,7.0
20140074,HENNY GOT TO THE SHIRT,80.0,82.0,100.0,80.0,80.0,92.1590909090909,80.0,73.0,7.0
20140096,SO SEVENTEEN WENT INTO THE PENCIL OFFICE,80.0,98.0,100.0,100.0,80.0,76.53999999999999,70.0,77.0,7.0
20140114,SEE YOU TWO LATER HAVE FUN,80.0,97.0,100.0,100.0,80.0,91.19082840236686,70.0,77.0,7.0
1490039,SEVEN THREE NINE NINE,80.0,85.0,100.0,75.0,100.0,84.33823529411765,80.0,73.0,7.0
12920027,I THINK THEY WILL FIND THAT THE CONCEPT WORK,70.0,95.0,100.0,100.0,80.0,100.0,70.0,77.0,7.0
30120154,WELL SHE WAD SEE,80.0,95.0,100.0,100.0,80.0,82.5,70.0,77.0,7.0
95550100,FROM THE COURT THE NEWS SOON REACHED THE TOWN,70.0,91.0,100.0,88.88888888888889,80.0,92.91666666666666,70.0,77.0,7.0
960049,THREE TWO FIVE ONE,70.0,100.0,100.0,100.0,80.0,88.75,70.0,77.0,7.0
10750163,NOW YOU HAVE IT,80.0,97.0,100.0,100.0,80.0,80.46,70.0,77.0,7.0
91010127,THERE SEEMED A WALL IN FRONT OF HIM,90.0,79.0,100.0,100.0,80.0,98.86904761904762,80.0,73.0,7.0
32140117,ANY ONE CAN TELL YOU,80.0,95.0,100.0,100.0,80.0,81.60192307692307,70.0,77.0,7.0
20270108,DADDY IS LIKE A BIG TOBOGGAN,70.0,64.0,100.0,83.33333333333334,80.0,68.14,70.0,63.0,7.0
20270087,MANDY WAS WALKING TO ZOO,80.0,85.0,100.0,80.0,80.0,83.39285714285714,80.0,73.0,7.0
20300012,DAVID CAN DRAW THE LION,80.0,98.0,100.0,100.0,80.0,82.5,80.0,73.0,7.0
11090220,ALL HE WANTED TO DO WAS WIN,70.0,92.0,100.0,100.0,80.0,89.88857142857142,70.0,77.0,7.0
10610067,PETER SMELLS FRESH TURKEY,70.0,68.0,100.0,75.0,70.0,85.0,60.0,67.0,7.0
9810073,BUT IT'S JUST A MATTER OF TIME,70.0,92.0,100.0,87.5,70.0,92.69736842105264,70.0,77.0,7.0
10750021,LUCY WE TO SEE ZEBRA,80.0,95.0,100.0,100.0,70.0,87.54032258064515,70.0,77.0,7.0
10750035,ITS TWO THREE ONE,80.0,96.0,100.0,100.0,70.0,82.0,70.0,77.0,7.0
10760062,LOCKING LIKE FISH,80.0,61.0,100.0,66.66666666666666,70.0,74.85999999999999,70.0,63.0,7.0
20300005,ANDY WENT TO SEE HEN,80.0,84.0,100.0,80.0,80.0,86.13372093023256,80.0,73.0,7.0
10760038,NINE NINE EIGHT THREE,70.0,72.0,100.0,100.0,70.0,69.96,60.0,67.0,7.0
10760046,ZERO ZERO FOUR THREE TWO,70.0,65.0,100.0,80.0,70.0,60.02,70.0,63.0,7.0
20270146,WE OFTEN PLAY FOOTBALL AFTER CLASS,90.0,93.0,100.0,100.0,80.0,82.94014084507043,80.0,73.0,7.0
20270170,IS HE NOT GOOD,90.0,81.0,100.0,100.0,80.0,96.25,80.0,73.0,7.0
20270001,SO TIM WENT TO FIND THE CAT,80.0,91.0,100.0,85.71428571428571,70.0,95.65789473684212,70.0,77.0,7.0
20300057,BILLY LOVES THE NEW SOCKS,80.0,96.0,100.0,100.0,80.0,82.0,70.0,77.0,7.0
20300056,BILLY LIKES THE OLD JEANS,80.0,95.0,100.0,100.0,70.0,81.86,70.0,77.0,7.0
920099,DOOR HAS ARE BEAUTIFUL SHIRTS,80.0,87.0,100.0,100.0,80.0,82.0,80.0,73.0,7.0
920094,JACK LIKES THE OLD SWEATER,80.0,95.0,100.0,100.0,80.0,82.0,70.0,77.0,7.0
52200050,THAT ALONE CAN MAKE A MAN OTHER THAN HE IS,80.0,96.0,100.0,100.0,60.0,85.75920245398773,70.0,77.0,7.0
50720102,BUT SHALL I NOT OFTEN SEE YOU,90.0,85.0,100.0,100.0,90.0,98.125,80.0,73.0,7.0
9810305,NO HE'S GOING ON STRAIGHT,80.0,78.0,100.0,83.33333333333334,80.0,100.0,80.0,73.0,7.0
9810249,SOMETIMES YOU HAVE TO GIVE UP ONE PEOPLE,80.0,99.0,100.0,100.0,60.0,92.3458904109589,70.0,77.0,7.0
29370217,FINAL NIGHT NIGHTS OF THE CONFERENCE,80.0,84.0,100.0,83.33333333333334,80.0,82.0,80.0,73.0,7.0
85810048,I THINK THAT I AM NEAR THE END OF IT,80.0,100.0,100.0,100.0,80.0,100.0,70.0,77.0,7.0
30054,TWO FIVE NINE NINE,80.0,85.0,100.0,75.0,90.0,85.3409090909091,80.0,73.0,7.0
25380004,THERE WERE HATS BUTTONS AND RED WHITE AND BLUE BALLOONS,70.0,92.0,100.0,90.0,70.0,92.57653061224488,70.0,77.0,7.0
85840022,I MUST FIND OUT LATER ON,80.0,82.0,100.0,83.33333333333334,80.0,87.3076923076923,80.0,73.0,7.0
96400022,ALL HEADS TURNED THEIR WAY.,70.0,71.0,100.0,80.0,70.0,78.22,60.0,67.0,7.0
96400018,"PLEASE FORGIVE ME, MY FRIEND?",70.0,95.0,100.0,100.0,70.0,82.0,70.0,77.0,7.0
30270053,MY FINGERS ALL GIVING OUT,80.0,95.0,100.0,100.0,70.0,87.078025477707,70.0,77.0,7.0
10460020,PETER CAN SEE THE PANDA,80.0,68.0,100.0,80.0,70.0,90.04310344827586,70.0,63.0,7.0
50170154,I SEE NOTHING TO BE GLAD ABOUT,80.0,95.0,100.0,100.0,80.0,100.0,70.0,77.0,7.0
30024,KATE LOVES CHINA,70.0,100.0,100.0,100.0,90.0,82.0,70.0,78.0,8.0
50170002,BUT I DON'T CARE TO TAKE TALK ABOUT THAT,80.0,92.0,100.0,90.0,70.0,89.54787234042553,80.0,72.0,8.0
440043,ZERO SEVEN ZERO FOUR,70.0,100.0,100.0,100.0,80.0,82.0,70.0,78.0,8.0
30600023,DO YOU WANT TO PLAY WITH US,70.0,93.0,100.0,100.0,80.0,96.25,70.0,78.0,8.0
30600004,THAT WAS BUT THE BEGINNING,70.0,65.0,100.0,80.0,70.0,52.74,70.0,62.0,8.0
960040,THREE THREE THERE NINE,60.0,74.0,100.0,100.0,80.0,82.0,60.0,68.0,8.0
96170021,SO THAT IS WHAT I WANT TO BE CALLED.,70.0,93.0,100.0,88.88888888888889,70.0,100.0,70.0,78.0,8.0
96170012,WE ARE GOING TO DO NOTHING ABOUT IT.,70.0,93.0,100.0,100.0,60.0,100.0,70.0,78.0,8.0
96180011,THIS IS THE WAY OF LIFE.,70.0,94.0,100.0,100.0,80.0,98.4527972027972,70.0,78.0,8.0
96230004,IT WAS JUST A PERSON.,80.0,100.0,100.0,100.0,70.0,82.0,70.0,78.0,8.0
96260002,I LOOKED OVER AT HIM.,50.0,45.0,100.0,80.0,60.0,80.74,50.0,58.0,8.0
930091,MARY HAS A BEAUTIFUL STOCK,80.0,99.0,100.0,100.0,80.0,82.0,70.0,78.0,8.0
930048,NINE ONE FIVE SIX,70.0,100.0,100.0,100.0,90.0,91.42857142857142,70.0,78.0,8.0
920167,THEY NEED NEW HOMES,70.0,100.0,100.0,100.0,80.0,82.0,70.0,78.0,8.0
920134,MIKE LIKE THE LEEK,80.0,96.0,100.0,100.0,80.0,87.25,70.0,78.0,8.0
920129,SAND LIKE THE SWEET POTATO,80.0,99.0,100.0,100.0,80.0,84.73214285714286,70.0,78.0,8.0
920126,MARY THIS IS GARDEN BEACH,80.0,82.0,100.0,80.0,90.0,86.96428571428571,80.0,72.0,8.0
920104,MARK GOT THE T SHIRT,80.0,56.0,100.0,80.0,80.0,82.0,70.0,62.0,8.0
30070054,WHAT A SHOULDER AND NECK SHE HAD,70.0,98.0,100.0,100.0,80.0,99.56288343558282,70.0,78.0,8.0
54280040,SHE COULD NOT TELL HOW LONG HE HAD TO LIVE,80.0,93.0,100.0,90.0,70.0,100.0,70.0,78.0,8.0
54280023,I MUST FIND YOU SOMETHING ELSE,80.0,84.0,100.0,83.33333333333334,90.0,78.59022727272726,80.0,72.0,8.0
15020045,ONE ONE FIVE FOUR,70.0,100.0,100.0,100.0,80.0,82.0,70.0,78.0,8.0
14690074,LUCY HAS A BIG TOE,80.0,100.0,100.0,100.0,70.0,82.32734806629834,70.0,78.0,8.0
50390130,THE WORLD READS THEM,80.0,81.0,100.0,100.0,80.0,84.33823529411765,80.0,72.0,8.0
95550173,I THINK WE MAY EXPECT HIM BEFORE MORNING,80.0,100.0,100.0,100.0,80.0,82.0,70.0,78.0,8.0
95580128,IT IS YOUR DUTY MY SON,70.0,97.0,100.0,100.0,80.0,86.62735849056604,70.0,78.0,8.0
95580116,SEE THEM AND HEAR WHAT THEY CAN ADD,80.0,97.0,100.0,100.0,70.0,84.46033210332104,70.0,78.0,8.0
1110129,JIM LIKES THE CORN,70.0,59.0,100.0,75.0,70.0,70.51999999999998,70.0,62.0,8.0
960093,I LIKE MY OLD CAP,70.0,97.0,100.0,100.0,80.0,86.62735849056604,70.0,78.0,8.0
960054,ONE EIGHT EIGHT FOUR,80.0,100.0,100.0,100.0,80.0,82.0,70.0,78.0,8.0
29370108,HE CALLED FOR EDUCATION CAMPAIGN TARGETING THE ISSUE OF WEAPONS,70.0,100.0,100.0,100.0,80.0,92.30839416058392,70.0,78.0,8.0
30120003,BUT WHAT WAD YOU HAVE ME DO ABOUT IT,70.0,96.0,100.0,100.0,80.0,93.26244813278008,70.0,78.0,8.0
95550073,SO FAR THEY WERE IN PERFECT AGREEMENT,80.0,100.0,100.0,100.0,80.0,82.0,70.0,78.0,8.0
1220031,SIX NINE FIVE SIX,80.0,100.0,100.0,100.0,80.0,82.0,70.0,78.0,8.0
1140146,LILLY LIKES THE BIG GEN CITY TOKYO,90.0,82.0,100.0,85.71428571428571,70.0,82.0,80.0,72.0,8.0
95580097,I THOUGHT YOU WERE SURE THAT HE WAS GUILTY,80.0,93.0,100.0,88.88888888888889,80.0,95.80445544554456,70.0,78.0,8.0
54320076,THERE IS NO HIGH LAND NEAR,80.0,80.0,100.0,83.33333333333334,80.0,85.75920245398773,80.0,72.0,8.0
14690047,SEVEN SEVEN EIGHT SIX,80.0,100.0,100.0,100.0,80.0,82.0,70.0,78.0,8.0
14650040,FIVE ONE FIVE FOUR,90.0,85.0,100.0,75.0,80.0,73.74,80.0,72.0,8.0
55470170,SHE HAS A LITTLE MONEY,80.0,98.0,100.0,100.0,60.0,82.0,70.0,78.0,8.0
55470105,I KNOW NOTHING OF PARTIES,80.0,99.0,100.0,100.0,70.0,84.53402366863905,70.0,78.0,8.0
50290068,WHO ELSE WAS THERE DO TO DO IT,80.0,92.0,100.0,87.5,70.0,100.0,70.0,78.0,8.0
30120029,BUT IS WAS COLDS,80.0,95.0,100.0,100.0,80.0,89.06512605042016,70.0,78.0,8.0
4570106,HE WILL WEAR AN ELECTRONIC MONITOR,70.0,95.0,100.0,100.0,80.0,90.04310344827586,70.0,78.0,8.0
91180075,AS LONG AS YOU FIND ME WORK I WILL REMAIN,70.0,100.0,100.0,100.0,80.0,100.0,70.0,78.0,8.0
95530083,BUT WHAT CAN BE THEIR AM,80.0,83.0,100.0,83.33333333333334,80.0,84.14473684210526,80.0,72.0,8.0
5670137,WHAT'S WRONG WITH THE SITE,80.0,96.0,100.0,100.0,70.0,87.54032258064515,70.0,78.0,8.0
5630315,EVERYBODY NOWADAYS MUST SUFFER BECAUSE THEY DO NOT KNOW THEMSELVES,70.0,85.0,100.0,90.0,70.0,83.30853658536586,60.0,68.0,8.0
5630122,YOUR THE REASON I MAKE IT THROUGH THE DAY,80.0,97.0,100.0,100.0,70.0,100.0,70.0,78.0,8.0
36310116,WHY SURELY OVER AND OVER AGAIN,80.0,97.0,100.0,100.0,80.0,84.33823529411765,70.0,78.0,8.0
7650377,SOME THERE ARE WHO CAN SEE AND GO FORTH,80.0,93.0,100.0,88.88888888888889,70.0,99.89864864864865,70.0,78.0,8.0
7650337,I SEE THAT NOW IT IS TOO NIGHT,70.0,92.0,100.0,87.5,70.0,100.0,70.0,78.0,8.0
14080149,THIS IS A GOD WORD,80.0,77.0,100.0,80.0,80.0,100.0,80.0,72.0,8.0
14080073,HE WAS DRIVING THE CAR,70.0,95.0,100.0,100.0,80.0,92.61029411764706,70.0,78.0,8.0
14040152,MY GRANDMA IS HAPPY TOO,70.0,100.0,100.0,100.0,70.0,82.0,70.0,78.0,8.0
23550310,AT LEAST IT WILL BE THIS TERM,70.0,61.0,100.0,85.71428571428571,80.0,71.13838709677418,70.0,62.0,8.0
85810116,HERE WAS THE ONE THING SHE HAD TO DO NOW,70.0,92.0,100.0,100.0,80.0,100.0,70.0,78.0,8.0
24880210,HE HAD TO GET OUT OF THE CARE CAR,80.0,92.0,100.0,88.88888888888889,80.0,100.0,70.0,78.0,8.0
24880190,BUT STILL NO IDEA WANT WHAT TO ASK,80.0,95.0,100.0,100.0,80.0,94.10714285714286,70.0,78.0,8.0
85810119,HE PUT THE THING BACK INTO THE DRIVER,80.0,89.0,100.0,100.0,80.0,100.0,80.0,72.0,8.0
10500089,LAYLA HAS A BEAUTIFUL HAT,70.0,94.0,100.0,100.0,80.0,96.25,70.0,78.0,8.0
10460149,AND FROM AND MOTHER TOO,60.0,73.0,100.0,100.0,80.0,93.20454545454544,60.0,68.0,8.0
10460066,DOES LAYLA LIKES THE FOOD FRIES,70.0,71.0,100.0,83.33333333333334,80.0,67.62734806629834,70.0,62.0,8.0
81530170,SO OF THE NATIONS WITH THEIR WARS,80.0,91.0,100.0,85.71428571428571,80.0,100.0,70.0,78.0,8.0
24880098,THEY GET USED TO THE HEAT,80.0,80.0,100.0,83.33333333333334,80.0,90.58566433566436,80.0,72.0,8.0
24510336,HUMANE DOCTORS MOST OF THEM,80.0,100.0,100.0,100.0,80.0,82.0,70.0,78.0,8.0
10750102,SAND GOT ON THE CAR,80.0,97.0,100.0,100.0,80.0,86.85126582278481,70.0,78.0,8.0
10750097,MARY GOT ON THE TRAIN,90.0,78.0,100.0,80.0,80.0,96.70454545454544,80.0,72.0,8.0
81530125,HE SPEAKS OF A BLOW,80.0,93.0,100.0,100.0,90.0,99.32692307692308,70.0,78.0,8.0
10610165,AND THIS IS HAIR BOOK,70.0,64.0,100.0,100.0,70.0,54.13999999999999,70.0,62.0,8.0
10610094,MARY LIKES YOUR RED GLOVES,70.0,99.0,100.0,100.0,70.0,82.0,70.0,78.0,8.0
50720150,YES THE WALL LOOKED STRONG,70.0,96.0,100.0,100.0,80.0,86.40625,70.0,78.0,8.0
23550003,SPEAKER AFTER SPEAKER CALLED FOR AN END TO MILITARY RULE,90.0,96.0,100.0,100.0,90.0,95.0553125,80.0,72.0,8.0
60990039,NO USE STANDING HER,80.0,98.0,100.0,100.0,80.0,83.16489361702128,70.0,78.0,8.0
60990035,BUT THE TWO DID NO FIT,80.0,92.0,100.0,100.0,80.0,100.0,70.0,78.0,8.0
11090246,YES THANK YOU FOR REMINDING ME,80.0,100.0,100.0,100.0,70.0,82.0,70.0,78.0,8.0
11090011,IT WAS AN IMPORTANT WIN,70.0,100.0,100.0,100.0,80.0,83.21022727272727,70.0,78.0,8.0
11350225,THAT'S THE ONLY THING HE CAN DO AT THE POINT,70.0,97.0,100.0,100.0,70.0,98.57835443037972,70.0,78.0,8.0
11350158,NOW IS THE NEW LATER,80.0,95.0,100.0,100.0,80.0,92.0108695652174,70.0,78.0,8.0
11090359,HE IS BETTER OFF NOW THAN BEFORE HAVING A SAW,80.0,92.0,100.0,90.0,70.0,99.69497607655504,70.0,78.0,8.0
11090334,HOW CAN THEY STILL BELIEVE IN SOMETHING LIKE THAT,70.0,100.0,100.0,100.0,70.0,90.64688715953308,70.0,78.0,8.0
24380265,THAT'S A BUCKET LIST GOAL,80.0,80.0,100.0,100.0,80.0,85.14625,80.0,72.0,8.0
60990168,BUT IN THE NAME OF WONDER WHY,80.0,82.0,100.0,85.71428571428571,80.0,88.33791208791209,80.0,72.0,8.0
12280033,IT WAS A NICE WAY TO END OUR HOME SEASON,80.0,93.0,100.0,90.0,70.0,100.0,70.0,78.0,8.0
30750058,NOW WHAT YOU HAVE DONE,80.0,100.0,100.0,100.0,70.0,82.0,70.0,78.0,8.0
11860284,THAT'S SAY IT IS GOOD,80.0,100.0,100.0,100.0,70.0,82.0,70.0,78.0,8.0
11860264,EXCITED AND GOING TO BED,80.0,100.0,100.0,100.0,60.0,82.0,70.0,78.0,8.0
11810377,IT'S A MUCH WORSE THAN HE HAD EXPECTED,70.0,93.0,100.0,100.0,70.0,100.0,70.0,78.0,8.0
30140053,IT WAS MALL MORNING NOW,80.0,82.0,100.0,80.0,80.0,85.60114503816794,80.0,72.0,8.0
50170113,I WASH I COULD GET WELL FASTER,80.0,98.0,100.0,100.0,80.0,97.145,70.0,78.0,8.0
30270054,NOT THAT SHE CARED OF HIM,80.0,97.0,100.0,100.0,70.0,85.68877551020408,70.0,78.0,8.0
30140134,SHE IS ELEVEN YEARS OLD,90.0,86.0,100.0,100.0,80.0,71.5,80.0,72.0,8.0
20300173,AS MANY AS TWELVE,80.0,100.0,100.0,100.0,80.0,82.0,70.0,78.0,8.0
20300083,PETER WAS WALKING TO NATURE PARK,80.0,98.0,100.0,100.0,70.0,82.0,70.0,78.0,8.0
20300044,ZERO EIGHT FOUR FOUR,80.0,78.0,100.0,75.0,80.0,95.65789473684212,80.0,72.0,8.0
20270042,ONE FOUR TWO NINE,80.0,100.0,100.0,100.0,70.0,82.0,70.0,78.0,8.0
21120309,THE FATHER OF HER CHILD WAS NOT EIGHTEEN YEARS OLD,80.0,98.0,100.0,100.0,90.0,89.8688429752066,70.0,78.0,8.0
21120250,LESS GOVERNMENT NOT MORE IS THE SOLUTION,70.0,96.0,100.0,100.0,80.0,86.72297297297297,70.0,78.0,8.0
96290023,IT WAS NOT YET TIME.,50.0,64.0,100.0,80.0,50.0,25.860000000000007,50.0,58.0,8.0
96310016,THAT WAS AS MUCH AS HE WOULD GIVE HER.,60.0,72.0,100.0,66.66666666666666,60.0,83.54665071770336,60.0,68.0,8.0
96310012,I THOUGHT MY LIFE WAS ABOUT TO END.,70.0,96.0,100.0,100.0,70.0,88.75,70.0,78.0,8.0
920092,HERE IS LYNDA'S PEN PARENTS,80.0,100.0,100.0,100.0,70.0,82.0,70.0,78.0,8.0
490101,LOOK AT BOB'S JEANS,70.0,99.0,100.0,100.0,80.0,82.0,70.0,78.0,8.0
490092,HERE IS JOHN'S BOOTS,80.0,82.0,100.0,100.0,80.0,81.58,80.0,72.0,8.0
96330008,YOU NEED TO COME WITH ME.,70.0,73.0,100.0,83.33333333333334,50.0,82.0,60.0,68.0,8.0
30070094,AND AFTER THAT IT WILL BE MY TURN,80.0,92.0,100.0,87.5,70.0,99.56288343558282,70.0,78.0,8.0
96310019,"THE THING HAD COME, AND SO IT MUST BE.",70.0,97.0,100.0,100.0,70.0,96.8581081081081,70.0,78.0,8.0
96330006,IT WAS LIKE THEY WERE ONE PERSON.,70.0,82.0,100.0,85.71428571428571,60.0,82.0,60.0,69.0,9.0
30070099,HER WATCH WAS OUT,80.0,81.0,100.0,100.0,90.0,79.28,80.0,71.0,9.0
240152,THIS IS A PRETTY GOOD PLACE TO START,100.0,100.0,100.0,100.0,100.0,100.0,90.0,81.0,9.0
240289,COMPETITION IS GOOD FOR THE INDUSTRY,80.0,99.0,100.0,100.0,90.0,92.40853658536584,70.0,79.0,9.0
240320,SHE LOOKED ANXIOUSLY AT THE HOUSE AND STARTED,90.0,100.0,100.0,100.0,90.0,100.0,90.0,81.0,9.0
240323,THEY MAY MAKE ME MORE UNHAPPY THAN I AM,70.0,96.0,100.0,100.0,90.0,100.0,70.0,79.0,9.0
490086,LOOK AT THE BIG FOOT,80.0,98.0,100.0,100.0,80.0,89.00167785234899,70.0,79.0,9.0
20160312,HOW WAS I TO DO IT,90.0,100.0,100.0,100.0,90.0,100.0,90.0,81.0,9.0
20270005,JIM CAN DRAW THE ZEBRA,70.0,72.0,100.0,80.0,70.0,90.72368421052632,60.0,69.0,9.0
30140129,I KNOW WE ARE,100.0,100.0,100.0,100.0,80.0,100.0,90.0,81.0,9.0
30270026,WHAT IN SHORT WAS IT THAT HE HAD DONE,80.0,100.0,100.0,100.0,70.0,86.5287456445993,70.0,79.0,9.0
20310174,JUST THAT THEY ARE WORKING ON IT,80.0,97.0,100.0,100.0,90.0,94.51923076923076,70.0,79.0,9.0
20310219,I'M LOOKING FOR A GIRL LIKE YOU,100.0,100.0,100.0,100.0,100.0,100.0,90.0,81.0,9.0
20310335,THE NEED FOR A FIX,90.0,100.0,100.0,100.0,90.0,99.74137931034484,90.0,81.0,9.0
30140017,I HAVE TOO MUCH ALREADY,70.0,100.0,100.0,100.0,70.0,88.01470588235293,70.0,79.0,9.0
11810214,I GUESS THIS IS SUPPOSED TO BE FUN,70.0,96.0,100.0,100.0,80.0,98.18,70.0,79.0,9.0
11810280,THEY ME WILL BE BACK TOGETHER,70.0,95.0,100.0,100.0,80.0,100.0,70.0,79.0,9.0
11860287,NO IT IS YOU WHO MUST BE THANKED,80.0,100.0,100.0,100.0,70.0,89.54787234042553,70.0,79.0,9.0
30600147,TELL ME WHAT IT IS,80.0,100.0,100.0,100.0,70.0,92.0108695652174,70.0,79.0,9.0
12280201,IN THE MORNING AT NIGHT IN THE AFTERNOON,70.0,100.0,100.0,100.0,70.0,95.36764705882352,70.0,79.0,9.0
69020006,THAT IS WHAT MR WRIGHT ASKS,60.0,75.0,100.0,83.33333333333334,70.0,80.74,60.0,69.0,9.0
24380234,TAKE EVERY STEP OF THE WAY,90.0,100.0,100.0,100.0,90.0,100.0,90.0,81.0,9.0
11090295,BECAUSE THAT'S ALL YOU HAVE TO OFFER,80.0,100.0,100.0,100.0,70.0,87.54032258064515,70.0,79.0,9.0
11090333,BEFORE ALL ELSE YOU WILL ANSWER ME A QUESTION,80.0,99.0,100.0,100.0,70.0,87.54032258064515,70.0,79.0,9.0
11350141,TAKE A BREAK TO GET A GLASS OF WATER LATELY,80.0,100.0,100.0,100.0,70.0,97.9304979253112,70.0,79.0,9.0
11560058,IT IS DANGEROUS TO GO TO A DOCTOR,90.0,100.0,100.0,100.0,100.0,100.0,90.0,81.0,9.0
11560075,YOU WOULD HAVE TO LIVE IT TO BELIEVE IT,90.0,100.0,100.0,100.0,100.0,100.0,90.0,81.0,9.0
11560184,THANKS FOR TAKING THE TIME TO DO THE STORY,90.0,100.0,100.0,100.0,100.0,100.0,90.0,81.0,9.0
11560192,IT'S GOING TO BE SUCH A CRAZY MOMENT,100.0,100.0,100.0,100.0,100.0,100.0,90.0,81.0,9.0
11560257,WHO WANT TO GO TO THE PARK WITH ME,90.0,100.0,100.0,100.0,90.0,100.0,90.0,81.0,9.0
11560269,I NEED TO DO SOMETHING WITH MY LIFE,100.0,100.0,100.0,100.0,90.0,100.0,90.0,81.0,9.0
11560289,OR IS IT GOING TO HAPPEN,100.0,100.0,100.0,100.0,100.0,100.0,90.0,81.0,9.0
11560320,THEY WERE GOING TO MEET AS USUAL,90.0,100.0,100.0,100.0,90.0,100.0,90.0,81.0,9.0
11810173,PLEASE KNOW THAT WE ARE WORKING TO REMOVE IF,70.0,96.0,100.0,100.0,80.0,100.0,70.0,79.0,9.0
10990202,HOPE I GET TO SEE YOU TOO,100.0,100.0,100.0,100.0,100.0,100.0,90.0,81.0,9.0
10990218,CHANGE IS PART OF GROWING,100.0,100.0,100.0,100.0,100.0,99.74137931034484,90.0,81.0,9.0
10990260,I WOULD LOVE TO GO TO THAT TRACK,90.0,100.0,100.0,100.0,100.0,100.0,90.0,81.0,9.0
10990276,WE WILL BE ONE OF THEM,90.0,100.0,100.0,100.0,100.0,100.0,90.0,81.0,9.0
80680056,NOT FOR ANYTHING IN THE WORLD,90.0,100.0,100.0,100.0,90.0,100.0,90.0,81.0,9.0
24480028,I LOVED HER WITH ALL MY HEART,90.0,100.0,100.0,100.0,90.0,100.0,90.0,81.0,9.0
24480251,IT'S NICE TO HAVE A BREAK,100.0,100.0,100.0,100.0,90.0,100.0,90.0,81.0,9.0
24480255,THEN IT'S TIME TO DO SOMETHING NEW,90.0,100.0,100.0,100.0,90.0,100.0,90.0,81.0,9.0
24480270,HAD A NICE DAY AT THE ZOO,90.0,100.0,100.0,100.0,90.0,100.0,90.0,81.0,9.0
80680129,AND OF COURSE EVERYBODY THINKS THE SAME,80.0,98.0,100.0,100.0,80.0,89.11057692307692,70.0,79.0,9.0
11090154,SERIOUSLY THIS IS GETTING OUT OF CONTROL,70.0,100.0,100.0,100.0,80.0,84.0625,70.0,79.0,9.0
11090184,I DO NOT LOVE THIS WIND,70.0,100.0,100.0,100.0,70.0,85.0,70.0,79.0,9.0
24410149,WHAT DO YOU THINK OF MY STATUE,90.0,100.0,100.0,100.0,90.0,100.0,90.0,81.0,9.0
11090292,WE HAVE TO BE PATIENT AS MUCH AS IT SUCKS,70.0,100.0,100.0,100.0,70.0,84.93263473053892,70.0,79.0,9.0
24380325,THEN YOU MUST MAKE SOUP OUT OF THE SNAKES,90.0,100.0,100.0,100.0,90.0,100.0,90.0,81.0,9.0
12280276,YES WE NEED TO TALK,80.0,79.0,100.0,80.0,90.0,87.54032258064515,80.0,71.0,9.0
12280366,HOW I SHOULD LIKE TO CHANGE THAT NAME,70.0,95.0,100.0,100.0,70.0,97.40384615384616,70.0,79.0,9.0
12920073,THAT WAS MONEY FOR CHRISTMAS GIFTS,80.0,98.0,100.0,100.0,90.0,92.1590909090909,70.0,79.0,9.0
12920110,BUT EVEN IF HE COULD I DOUBT HAD HE WOULD,80.0,96.0,100.0,100.0,80.0,97.86308411214952,70.0,79.0,9.0
12920368,DO WE WANT THE COMPETITION,80.0,99.0,100.0,100.0,90.0,87.54032258064515,70.0,79.0,9.0
12930051,WE SALUTE AND THANK YOU FOR IT,90.0,100.0,100.0,100.0,90.0,97.57352941176472,90.0,81.0,9.0
12930079,I MAY HAVE A HOLIDAY FIRST,100.0,100.0,100.0,100.0,100.0,100.0,90.0,81.0,9.0
12930240,I MUST SAY IT WAS A GREAT WEEKEND,90.0,100.0,100.0,100.0,100.0,100.0,90.0,81.0,9.0
60990078,THE LOVERS WERE ALL AROUND ABOUT IT,80.0,98.0,100.0,100.0,80.0,95.24441340782124,70.0,79.0,9.0
60990093,YOU KNOW WHAT THAT WILL MEAN,80.0,100.0,100.0,100.0,70.0,89.60227272727273,70.0,79.0,9.0
23270364,I WANT TO DO SOMETHING GOOD WITH IT,90.0,100.0,100.0,100.0,100.0,100.0,90.0,81.0,9.0
23550123,TODAY IS GOING TO BE A BUSY DAY,90.0,100.0,100.0,100.0,100.0,100.0,90.0,81.0,9.0
10610099,LOWEN GOT ON THE BUS,70.0,68.0,100.0,80.0,60.0,100.0,60.0,69.0,9.0
10750024,SANDY LOVES JAR,80.0,79.0,100.0,66.66666666666666,90.0,86.40625,80.0,71.0,9.0
81530107,I DO NOT KNOW WHETHER THIS IS TRUE,90.0,100.0,100.0,100.0,90.0,100.0,90.0,81.0,9.0
10760079,LESS DRAW JAYME'S MOUTH,70.0,75.0,100.0,80.0,70.0,81.58,60.0,69.0,9.0
10760151,I DO TO SCHOOL,80.0,100.0,100.0,100.0,70.0,86.40625,70.0,79.0,9.0
10760169,IS IT THE GIRL,70.0,63.0,100.0,75.0,60.0,54.7,70.0,61.0,9.0
10990048,I WAS THE ONLY ONE WHO COULD DO THAT,90.0,100.0,100.0,100.0,90.0,100.0,90.0,81.0,9.0
10990063,BUT WE HAD TO PROVE OURSELVES TO THEM,90.0,100.0,100.0,100.0,90.0,100.0,90.0,81.0,9.0
10990123,TIME TO GO TO THE GAME,90.0,100.0,100.0,100.0,90.0,100.0,90.0,81.0,9.0
10990162,NEED TO PICK UP MORE OF THIS,90.0,100.0,100.0,100.0,90.0,100.0,90.0,81.0,9.0
10390269,AND THANK YOU FOR SHARING,100.0,100.0,100.0,100.0,90.0,100.0,90.0,81.0,9.0
10390366,PEOPLE HAD NO RIGHT TO BE SO PASSIVE AND RESIGNED,90.0,100.0,100.0,100.0,90.0,100.0,90.0,81.0,9.0
24510247,BE THE MIRACLE YOU WANT TO SEE IN THE WORLD,70.0,98.0,100.0,100.0,80.0,100.0,70.0,79.0,9.0
24880118,LET'S MAKE SURE THIS IS ONLY THE BEGINNING,90.0,100.0,100.0,100.0,90.0,100.0,90.0,81.0,9.0
32140094,AND SO THEY WERE,80.0,100.0,100.0,100.0,70.0,84.58333333333333,70.0,79.0,9.0
81530165,YOUR TIME IS NOT YET COME,90.0,100.0,100.0,100.0,90.0,100.0,90.0,81.0,9.0
85810056,AND LOOK WHAT A VIEW,90.0,77.0,100.0,80.0,80.0,85.98307086614173,80.0,71.0,9.0
85810078,IF THE THING WAS TRUE IT WAS TERRIBLE,70.0,98.0,100.0,100.0,80.0,89.54787234042553,70.0,79.0,9.0
10500073,LYNDA HAS A BIG FOOT,80.0,95.0,100.0,100.0,70.0,97.73760330578511,70.0,79.0,9.0
10500085,TEDDY HAS A BEAUTIFUL PANTS,70.0,96.0,100.0,100.0,80.0,98.5189075630252,70.0,79.0,9.0
24880245,I DO NOT WANT TO PLAY THIS,90.0,100.0,100.0,100.0,90.0,100.0,90.0,81.0,9.0
24880267,THANK YOU FOR THE POST,80.0,95.0,100.0,100.0,80.0,98.91949152542374,70.0,79.0,9.0
24880339,I WAS TRYING TO GUESS THE TIME,90.0,100.0,100.0,100.0,90.0,100.0,90.0,81.0,9.0
10370246,HOME EARLY FOR THE FIRST TIME ALL WEEK,90.0,100.0,100.0,100.0,90.0,100.0,90.0,81.0,9.0
10370251,NOTHING TO GIVE UP FOR IT,100.0,100.0,100.0,100.0,100.0,100.0,90.0,81.0,9.0
10370253,HOW WOULD YOU GET OUT OF THIS,100.0,100.0,100.0,100.0,100.0,100.0,90.0,81.0,9.0
10370265,I MIGHT BE AWAY FOR A WEEK OR MORE,100.0,100.0,100.0,100.0,100.0,100.0,90.0,81.0,9.0
10370352,YOU JUST HAD TO LEARN TO IGNORE THEM,90.0,100.0,100.0,100.0,90.0,100.0,90.0,81.0,9.0
10370380,YOUR JOBS ARE A JOKE,90.0,100.0,100.0,100.0,90.0,100.0,90.0,81.0,9.0
10390041,DO YOU TAKE HER IN,90.0,100.0,100.0,100.0,100.0,100.0,90.0,81.0,9.0
10390064,IT'S THE BEST THING YOU CAN DO,90.0,100.0,100.0,100.0,100.0,100.0,90.0,81.0,9.0
10390189,CARS HAVE COME A LONG WAY TOO,100.0,100.0,100.0,100.0,90.0,100.0,90.0,81.0,9.0
10390218,HOPE YOU HAVE A GREAT DAY AT SCHOOL,100.0,100.0,100.0,100.0,90.0,100.0,90.0,81.0,9.0
27400077,I THINK WE NEED THAT TYPE OF PERSON,100.0,100.0,100.0,100.0,100.0,100.0,90.0,81.0,9.0
85840115,HE WOULD NOT KEEP YOU MORE THAN A MOMENT,90.0,100.0,100.0,100.0,90.0,100.0,90.0,81.0,9.0
32140135,PLEASE GIVE HER MY LOVE,80.0,100.0,100.0,100.0,90.0,86.85126582278481,70.0,79.0,9.0
90880018,IS THIS ANYTHING TO ME,90.0,100.0,100.0,100.0,90.0,98.91949152542374,90.0,81.0,9.0
8110175,I WANT TO GO BAD,100.0,100.0,100.0,100.0,100.0,100.0,90.0,81.0,9.0
8110204,SO BEAUTIFUL I WANT TO SEE INSIDE,100.0,100.0,100.0,100.0,100.0,100.0,90.0,81.0,9.0
8110307,THERE WAS A GENTLE KNOCK ON THE DOOR,90.0,100.0,100.0,100.0,100.0,100.0,90.0,81.0,9.0
8110371,YOU HAVE ONLY TO GO ON,90.0,100.0,100.0,100.0,100.0,100.0,90.0,81.0,9.0
9810075,I THINK IT'S GOING TO BE A VERY PHYSICAL GAME,80.0,100.0,100.0,100.0,70.0,96.61290322580643,70.0,79.0,9.0
9810112,IT MAKES YOU WANT TO EAT THE CAKE,70.0,97.0,100.0,100.0,80.0,98.125,70.0,79.0,9.0
9810155,AND ALL YOU CAN DO IS ENOUGH,80.0,100.0,100.0,100.0,70.0,89.29347826086958,70.0,79.0,9.0
9810196,HE WILL RANK AT THE BOTTOM OF THE LIST,70.0,98.0,100.0,100.0,70.0,97.69495412844036,70.0,79.0,9.0
10300133,I WILL HAVE TO HAVE A LOOK,90.0,100.0,100.0,100.0,100.0,100.0,90.0,81.0,9.0
10300169,YOUR CARE FOR THE POOR,90.0,79.0,100.0,80.0,100.0,86.96428571428571,80.0,71.0,9.0
10300194,DO THEY REALLY HAVE TO SAY THAT,90.0,100.0,100.0,100.0,100.0,100.0,90.0,81.0,9.0
23550167,THEY HAD A BIG TIME,100.0,100.0,100.0,100.0,100.0,100.0,90.0,81.0,9.0
23550175,OLD PEOPLE SHOULD NOT BE ALLOWED TO DRIVE,90.0,100.0,100.0,100.0,90.0,100.0,90.0,81.0,9.0
23550319,BUT I KNOW WHAT I MEAN,90.0,100.0,100.0,100.0,100.0,100.0,90.0,81.0,9.0
13340046,LIKE THREE ACTS OF A DRAMA,80.0,98.0,100.0,100.0,80.0,93.54323308270676,70.0,79.0,9.0
13340147,CAN WE JUST CALL IT A DAY,80.0,96.0,100.0,100.0,80.0,100.0,70.0,79.0,9.0
13340245,FEELS GOOD TO GET THAT OUT OF THE WAY,80.0,100.0,100.0,100.0,80.0,100.0,70.0,79.0,9.0
13340277,WELL THIS IS A NEW ONE,90.0,100.0,100.0,100.0,90.0,100.0,90.0,81.0,9.0
13340378,THEY ALL WANTED TO STOP IT,80.0,95.0,100.0,100.0,80.0,100.0,70.0,79.0,9.0
50390081,TRY YOU LUCK THERE,80.0,53.0,100.0,50.0,70.0,82.0,70.0,61.0,9.0
60670111,I KNOCKED AT THE DOOR AND ENTERED,80.0,100.0,100.0,100.0,80.0,88.04906542056075,70.0,79.0,9.0
23270098,I WANTED HIM TO DO IT HERE,90.0,100.0,100.0,100.0,90.0,100.0,90.0,81.0,9.0
23270140,I MADE UP MY MIND A LONG TIME AGO,90.0,100.0,100.0,100.0,90.0,100.0,90.0,81.0,9.0
27400146,THANK YOU SO MUCH TO YOU AND THE TEAM,90.0,100.0,100.0,100.0,90.0,100.0,90.0,81.0,9.0
27400246,TRULY IT WILL BE A NIGHT TO REMEMBER,90.0,100.0,100.0,100.0,90.0,100.0,90.0,81.0,9.0
7650192,SO IT'S THAT KIND OF PARTY,80.0,100.0,100.0,100.0,70.0,87.73648648648648,70.0,79.0,9.0
7650254,EVERYTHING IS IN GOD'S WORD,80.0,100.0,100.0,100.0,80.0,85.54878048780488,70.0,79.0,9.0
90880095,AMERICA'S GOING THROUGH JUST ABOUT THE SAME EXPERIENCE AS MYSELF,80.0,94.0,100.0,90.9090909090909,80.0,90.3125,80.0,71.0,9.0
90880132,I SHALL DO MY PARKING,90.0,100.0,100.0,100.0,90.0,98.125,90.0,81.0,9.0
90880154,IF NOT WE MUST BREAK IT OFF,100.0,100.0,100.0,100.0,90.0,99.86111111111111,90.0,81.0,9.0
7650271,SOUNDS LIKE A GOOD CHALLENGE,80.0,100.0,100.0,100.0,80.0,86.85126582278481,70.0,79.0,9.0
8110106,WE SHOULD HAVE A LITTLE MORE CONFIDENCE,90.0,100.0,100.0,100.0,100.0,100.0,90.0,81.0,9.0
8110113,THAT'S THE WAY I WANT TO BE,90.0,100.0,100.0,100.0,100.0,100.0,90.0,81.0,9.0
8110116,IT WAS NOTHING SHORT OF MAGIC,100.0,100.0,100.0,100.0,100.0,100.0,90.0,81.0,9.0
25380158,PUTTING ALL OF US AT RISK OF A NUCLEAR WAR,70.0,96.0,100.0,100.0,80.0,100.0,70.0,79.0,9.0
25380175,EVERYBODY IS GETTING READY FOR THEIR PITCH,90.0,100.0,100.0,100.0,90.0,100.0,90.0,81.0,9.0
25380298,HOPE YOU ALL HAD A GOOD WEEKEND,90.0,100.0,100.0,100.0,90.0,97.84763313609469,90.0,81.0,9.0
28920239,WHAT WE WANT TO HEAR TODAY,100.0,100.0,100.0,100.0,90.0,100.0,90.0,81.0,9.0
28920259,I WANTED HER TO BE MY DAUGHTER,90.0,100.0,100.0,100.0,80.0,100.0,90.0,81.0,9.0
28920315,MAY PASSED IN A BLAZE OF SUNSHINE,80.0,98.0,100.0,100.0,70.0,88.22183098591549,70.0,79.0,9.0
4610230,LOVING LIFE AND ALL THE PEOPLE IN MINE,80.0,99.0,100.0,100.0,70.0,88.4400826446281,70.0,79.0,9.0
91180025,I WONDER IF SATURDAY WILL EVER COME,90.0,100.0,100.0,100.0,80.0,98.68975903614458,90.0,81.0,9.0
5630195,WHEN YOU NEED TO CRY YOU CRY,80.0,96.0,100.0,100.0,70.0,96.77023121387283,70.0,79.0,9.0
5630267,COFFEE IS FOR THE WEAK,70.0,100.0,100.0,100.0,80.0,89.00167785234899,70.0,79.0,9.0
5630291,I WOULD LIKE TO SPEND SOME MONEY ON YOUR SITE,80.0,100.0,100.0,100.0,80.0,100.0,70.0,79.0,9.0
91070056,THAT WAS THE REASON OF HIS GOING,90.0,100.0,100.0,100.0,90.0,100.0,90.0,81.0,9.0
91070135,YOU WIN THE PRIZE YOU SEE,90.0,100.0,100.0,100.0,90.0,100.0,90.0,81.0,9.0
5670160,BECAUSE IT'S NOT IN THE MOVE,70.0,100.0,100.0,100.0,80.0,86.22409326424871,70.0,79.0,9.0
27400126,IT IS MUCH MORE THAN THIS,100.0,100.0,100.0,100.0,100.0,100.0,90.0,81.0,9.0
28970052,THE STORM HIT ABOUT AN HOUR LATER,100.0,100.0,100.0,100.0,90.0,100.0,90.0,81.0,9.0
28970158,I WAS JUST GOING TO WRITE THAT,100.0,100.0,100.0,100.0,90.0,100.0,90.0,81.0,9.0
28970198,BE SURE TO CHECK THIS OUT TONIGHT,90.0,100.0,100.0,100.0,90.0,99.86111111111111,90.0,81.0,9.0
28970221,PERHAPS YOU CAN HELP ME,100.0,100.0,100.0,100.0,100.0,99.32692307692308,90.0,81.0,9.0
3060235,GETTING READY TO GO BOXING,80.0,100.0,100.0,100.0,60.0,85.1355421686747,70.0,79.0,9.0
95530118,BUT WHAT IS THE POINT OF IT,90.0,100.0,100.0,100.0,90.0,100.0,90.0,81.0,9.0
91180159,THERE MUST BE AN END OF THIS,90.0,100.0,100.0,100.0,90.0,100.0,90.0,81.0,9.0
4570071,YOU HAD TO STAY WITH LEADERS,70.0,97.0,100.0,100.0,80.0,94.51923076923076,70.0,79.0,9.0
4570259,WHEN NO ONE KNOWS MUCH ABOUT YOU YOU HAVE PEACE,70.0,98.0,100.0,100.0,70.0,95.36764705882354,70.0,79.0,9.0
4570300,PEOPLE CAN DO WHAT THEY WANT WITH THEIR SPOONS,80.0,99.0,100.0,100.0,70.0,95.85352422907488,70.0,79.0,9.0
4610054,IT WAS VERY VERY STRANGE,70.0,100.0,100.0,100.0,70.0,83.39285714285714,70.0,79.0,9.0
28920128,SO DO YOU NOT HAVE IT,100.0,100.0,100.0,100.0,90.0,100.0,90.0,81.0,9.0
28920235,I THINK YOU CAN TAKE IT YOURSELF,100.0,100.0,100.0,100.0,90.0,100.0,90.0,81.0,9.0
1490045,SANDY IS GOOD AT ROCK CLIMBING,70.0,100.0,100.0,100.0,80.0,82.94014084507043,70.0,79.0,9.0
1490052,TINA IS GOOD AT RUNNING,80.0,100.0,100.0,100.0,90.0,86.62735849056604,70.0,79.0,9.0
1490131,I ASKED MY MOON,80.0,100.0,100.0,100.0,80.0,82.94014084507043,70.0,79.0,9.0
1570034,HE WAS MORE THAN DUE TO BREAK OUT,90.0,100.0,100.0,100.0,100.0,99.63709677419357,90.0,81.0,9.0
1570072,THERE ARE GOOD ONES IN THE FIRST ROUND,90.0,100.0,100.0,100.0,100.0,100.0,90.0,81.0,9.0
1570100,YOU HAVE TO BE VERY LOOSE,90.0,100.0,100.0,100.0,100.0,100.0,90.0,81.0,9.0
1570185,WELL YOU HAVE A GREAT NIGHT,90.0,100.0,100.0,100.0,100.0,98.78521126760565,90.0,81.0,9.0
1570194,WE LOVE TO KNOW THAT WE ARE NOT ALONE,100.0,100.0,100.0,100.0,100.0,100.0,90.0,81.0,9.0
1570203,I NEED TO TAKE A VACATION,90.0,100.0,100.0,100.0,100.0,99.12234042553192,90.0,81.0,9.0
1570212,I WANT TO BUY A NEW COMPUTER,100.0,100.0,100.0,100.0,100.0,100.0,90.0,81.0,9.0
1570216,NO ONE IS ALLOWED TO HAVE OPINIONS,90.0,100.0,100.0,100.0,90.0,98.125,90.0,81.0,9.0
50290162,IT IS BETTER SO,80.0,100.0,100.0,100.0,80.0,85.86538461538461,70.0,79.0,9.0
28970002,WHY WOULD I WANT TO KNOW ANYTHING ABOUT IT,90.0,100.0,100.0,100.0,90.0,100.0,90.0,81.0,9.0
28970039,SO FAR NO ONE IS EXPECTED TO LOSE THEIR JOB,100.0,100.0,100.0,100.0,90.0,98.32112970711296,90.0,81.0,9.0
23270280,ABOUT TO BE A LONG DAY,90.0,100.0,100.0,100.0,90.0,100.0,90.0,81.0,9.0
14080361,I BEG THAT YOU WILL WRITING TO ME AT ONCE,80.0,98.0,100.0,100.0,70.0,96.25,70.0,79.0,9.0
14200246,THEY JUST WANT TO HATE,90.0,100.0,100.0,100.0,100.0,100.0,90.0,81.0,9.0
14200296,I HAD PLENTY OF SLEEP,90.0,100.0,100.0,100.0,100.0,100.0,90.0,81.0,9.0
14200342,EVEN SO EVERYONE OUGHT TO HAVE A CHANCE,90.0,100.0,100.0,100.0,100.0,100.0,90.0,81.0,9.0
14200353,I PULLED OVER TO THE SHOULDER AND HE JUMPED OUT,90.0,100.0,100.0,100.0,100.0,100.0,90.0,81.0,9.0
14200357,HE HAD NO RIGHT TO WAIT,90.0,100.0,100.0,100.0,90.0,100.0,90.0,81.0,9.0
55470175,WHAT ABOUT THE FUTURE,80.0,100.0,100.0,100.0,80.0,86.96428571428571,70.0,79.0,9.0
14690004,I RAN AWAY FROM THE GOAT,80.0,100.0,100.0,100.0,80.0,85.86538461538461,70.0,79.0,9.0
14690020,SO DORA WENT TO FIND THE COW,80.0,99.0,100.0,100.0,80.0,86.56390134529148,70.0,79.0,9.0
52200162,ANOTHER MAN WAS WITH HIM,80.0,100.0,100.0,100.0,70.0,88.75,70.0,79.0,9.0
29170156,WHAT ARE YOU WAITING FOR IT,100.0,100.0,100.0,100.0,100.0,100.0,90.0,81.0,9.0
29170161,SO IF YOU HAVE ANY QUESTIONS LET ME KNOW,90.0,100.0,100.0,100.0,90.0,100.0,90.0,81.0,9.0
95580088,PUT THESE CONSIDERATIONS BEFORE HER FROM ME THEN,70.0,99.0,100.0,100.0,70.0,87.25,70.0,79.0,9.0
1200121,YOU AND I WILL BE THERE,90.0,100.0,100.0,100.0,100.0,100.0,90.0,81.0,9.0
1200146,THANK YOU SO MUCH FOR MAKING THE EFFORT,100.0,100.0,100.0,100.0,90.0,98.86904761904762,90.0,81.0,9.0
1200162,THIS IS THE BEST ONE YET,100.0,100.0,100.0,100.0,100.0,100.0,90.0,81.0,9.0
1200168,EASILY ONE OF THE BEST IN THE WORLD,90.0,100.0,100.0,100.0,90.0,100.0,90.0,81.0,9.0
1220104,MARK GOT A SHOE,80.0,100.0,100.0,100.0,80.0,83.62410071942446,70.0,79.0,9.0
1330118,LUCY WANTS TO BE A GOOD FARMER,80.0,99.0,100.0,100.0,80.0,85.48913043478261,70.0,79.0,9.0
95550081,AM I WORSE THAN YOU,80.0,100.0,100.0,100.0,80.0,85.1355421686747,70.0,79.0,9.0
29170149,BUT DO YOU HAVE IT IN BLACK,100.0,100.0,100.0,100.0,100.0,100.0,90.0,81.0,9.0
29170362,BUT HE WAS CAREFUL NOT TO SHOW IT,100.0,100.0,100.0,100.0,100.0,100.0,90.0,81.0,9.0
96170008,IT NEVER HAPPENED AND IT NEVER WILL.,70.0,80.0,100.0,100.0,60.0,82.01112359550561,60.0,69.0,9.0
1110072,MANDY IS GOOD AT GOLF,80.0,77.0,100.0,80.0,80.0,86.35631578947368,80.0,71.0,9.0
96100002,BUT HOW COULD SHE HAVE NOT KNOWN THAT?,70.0,80.0,100.0,87.5,60.0,67.44,60.0,69.0,9.0
95580157,SHE IS A GIRL WITH A LOT OF TALENT,90.0,100.0,100.0,100.0,90.0,99.46428571428572,90.0,81.0,9.0
1120136,I WANT TO BE A NURSE,80.0,99.0,100.0,100.0,80.0,92.30839416058392,70.0,79.0,9.0
1130138,MARY IS NOT A DRIVER,90.0,82.0,100.0,80.0,80.0,81.02,80.0,71.0,9.0
50720006,WELL DON'T LET HIM HAVE TOO MUCH OF IT,80.0,100.0,100.0,100.0,70.0,86.28460207612457,70.0,79.0,9.0
22520225,WHAT IS THE WORST ONE,100.0,100.0,100.0,100.0,100.0,98.125,90.0,81.0,9.0
15010151,WHAT DO YOU SAY TO THAT,90.0,100.0,100.0,100.0,90.0,100.0,90.0,81.0,9.0
15030109,SO SANDY WENT ON THE TO ZOO,80.0,84.0,100.0,85.71428571428571,80.0,82.54381443298969,80.0,71.0,9.0
20020123,AND WE KNOW YOU ARE TOO,100.0,100.0,100.0,100.0,100.0,100.0,90.0,81.0,9.0
20020181,WITH A BIT OF A COMPLICATED ANSWER,90.0,100.0,100.0,100.0,100.0,100.0,90.0,81.0,9.0
20020185,THAT WOULD BE A MORE INTERESTING SHOW,100.0,100.0,100.0,100.0,100.0,99.26829268292684,90.0,81.0,9.0
20020204,AIM AS HIGH AS YOU CAN,100.0,100.0,100.0,100.0,100.0,100.0,90.0,81.0,9.0
20020206,WHY DO YOU BLAME IT ON,100.0,100.0,100.0,100.0,100.0,100.0,90.0,81.0,9.0
54280049,HE TURNED TO THE OTHERS,80.0,99.0,100.0,100.0,70.0,87.77597402597402,70.0,79.0,9.0
54280109,THEY MUST FIND A ROOM FOR ME,80.0,95.0,100.0,100.0,70.0,98.125,70.0,79.0,9.0
21160198,WE NEED MORE AND MORE AND MORE,90.0,100.0,100.0,100.0,100.0,98.68975903614458,90.0,81.0,9.0
22520012,I LOST MY JACKET IN THE SECOND GAME,100.0,100.0,100.0,100.0,90.0,98.61842105263158,90.0,81.0,9.0
940122,SO JAYME WENT ON TO THE PET SHOP,90.0,100.0,100.0,100.0,90.0,100.0,90.0,81.0,9.0
29170226,THANK YOU FOR YOUR INTEREST THOUGH,100.0,100.0,100.0,100.0,100.0,100.0,90.0,81.0,9.0
22520067,WHO ELSE WOULD YOU WANT OUT THERE,90.0,100.0,100.0,100.0,90.0,100.0,90.0,81.0,9.0
22520159,THIS IS GOOD FOR US,100.0,100.0,100.0,100.0,100.0,99.32692307692308,90.0,81.0,9.0
22520200,EVEN YOU CAN SEE THAT,90.0,100.0,100.0,100.0,100.0,98.5189075630252,90.0,81.0,9.0
30270161,THAT IS HIS STORY,80.0,100.0,100.0,100.0,80.0,87.25,70.0,79.0,9.0
20020361,WHAT HAVE I TO CARE FOR,100.0,100.0,100.0,100.0,100.0,100.0,90.0,81.0,9.0
20070152,THAT IS ALL I CAN DO,90.0,100.0,100.0,100.0,90.0,100.0,90.0,81.0,9.0
20140083,SO TIM WENT INTO THE PARK,80.0,93.0,100.0,100.0,80.0,79.84538461538462,80.0,71.0,9.0
54060049,THE HOUSE IS STRONG,80.0,100.0,100.0,100.0,80.0,85.08458646616542,70.0,79.0,9.0
20160042,THIS MAY NOT BE EASY TO ACHIEVE,90.0,100.0,100.0,100.0,90.0,100.0,90.0,81.0,9.0
20160132,HAPPY TO HAVE A PLACE TO CELEBRATE,90.0,100.0,100.0,100.0,90.0,98.4056886227545,90.0,81.0,9.0
20160245,WHAT DO YOU WANT TO REMEMBER ABOUT TODAY,90.0,100.0,100.0,100.0,90.0,100.0,90.0,81.0,9.0
21120164,LET ME KNOW WHAT YOU THINK OF IT LATER,90.0,100.0,100.0,100.0,90.0,100.0,90.0,81.0,9.0
21120187,WE WILL BE THERE WAITING FOR THEM,90.0,100.0,100.0,100.0,90.0,99.86111111111111,90.0,81.0,9.0
21120233,WHAT DO YOU WANT TO READ ABOUT,90.0,100.0,100.0,100.0,90.0,100.0,90.0,81.0,9.0
20310376,THAT'S HOW YOU CAN TELL IT'S THERE,90.0,100.0,100.0,100.0,90.0,98.68975903614458,90.0,81.0,9.0
50150175,I MUST BE HERE,90.0,100.0,100.0,100.0,90.0,99.12234042553192,90.0,81.0,9.0
50150159,I MUST TELL YOU MORE,90.0,100.0,100.0,100.0,90.0,100.0,90.0,81.0,9.0
30049,TWO EIGHT NINE ONE,90.0,100.0,100.0,100.0,90.0,98.125,90.0,81.0,9.0
240031,WE HAVE CLIMBED ONE STEP UP THE LADDER,100.0,100.0,100.0,100.0,100.0,100.0,90.0,81.0,9.0
240010,IT WAS GOOD FOR ME,90.0,100.0,100.0,100.0,100.0,100.0,90.0,81.0,9.0
50170123,YOU KNOW YOU MUST,90.0,100.0,100.0,100.0,90.0,100.0,90.0,81.0,9.0
30119,SO TINA WENT INTO THE WASHROOM,90.0,80.0,100.0,83.33333333333334,90.0,82.0,80.0,71.0,9.0
240324,SHE WOULD BE SORRY FOR HIS DEATH,90.0,97.0,100.0,100.0,90.0,100.0,90.0,80.0,10.0
240116,LOVELY TO MAKE YOUR ACQUAINTANCE SIR,90.0,99.0,100.0,100.0,90.0,94.2436305732484,90.0,80.0,10.0
30070135,THAT WAS TOO MUCH FOR THEM,80.0,100.0,100.0,100.0,80.0,99.12234042553192,70.0,80.0,10.0
30070111,WHAT HAVE YOU MISSED,90.0,100.0,100.0,100.0,90.0,90.3804347826087,90.0,80.0,10.0
30070049,BUT HE WILL HAVE NO USE FOR IT,80.0,100.0,100.0,100.0,80.0,100.0,70.0,80.0,10.0
30070017,AND I LOVE YOU SO,90.0,100.0,100.0,100.0,90.0,97.35655737704916,90.0,80.0,10.0
29370303,THAT WAS THE WHOLE POINT OF THEM,80.0,97.0,100.0,100.0,80.0,98.78521126760565,70.0,80.0,10.0
29370185,I AM GLAD YOU ARE BACK,70.0,99.0,100.0,100.0,80.0,96.98170731707316,70.0,80.0,10.0
29170197,I WANT TO BE A PART OF THIS THREAD,90.0,99.0,100.0,100.0,90.0,100.0,90.0,80.0,10.0
29170196,THE ONLY IN THE LEAGUE,100.0,100.0,100.0,100.0,90.0,92.61029411764706,90.0,80.0,10.0
29170181,GREAT PICTURE OF THE FIELD,100.0,100.0,100.0,100.0,100.0,92.0108695652174,90.0,80.0,10.0
50720063,THE POOR MAN MUST BE IN A SAD WAY,80.0,99.0,100.0,100.0,70.0,100.0,70.0,80.0,10.0
30120097,WE WILL WAIT WE WILL WAIT,100.0,100.0,100.0,100.0,90.0,95.36764705882352,90.0,80.0,10.0
29170055,THE GENERAL CONCLUSION WAS THAT IT IS NOT THAT SIMPLE,100.0,100.0,100.0,100.0,80.0,96.98170731707316,90.0,80.0,10.0
29170043,I BELIEVE I'M THE RIGHT PERSON FOR THE JOB,90.0,99.0,100.0,100.0,90.0,100.0,90.0,80.0,10.0
28970245,HELLO RICH I AM SORRY TO HEAR THIS,100.0,99.0,100.0,100.0,90.0,99.26829268292684,90.0,80.0,10.0
27400283,CAN WE TALK ABOUT HAIR,90.0,100.0,100.0,100.0,90.0,97.35655737704916,90.0,80.0,10.0
27400276,THAT IS NOT A SALARY,90.0,99.0,100.0,100.0,90.0,97.73760330578511,90.0,80.0,10.0
24510375,IT WAS A SMALL ROOM,90.0,100.0,100.0,100.0,90.0,91.1436170212766,90.0,80.0,10.0
24510352,THIS WAS THE GIRL HE HAD HAD DOUBTS OF,90.0,100.0,100.0,100.0,80.0,97.06447963800905,90.0,80.0,10.0
24510275,OR DO YOU WANT ME TO,90.0,100.0,100.0,100.0,90.0,97.48287671232876,90.0,80.0,10.0
24510206,GOOD PEOPLE COME TO THOSE WHO WAIT,90.0,100.0,100.0,100.0,90.0,94.04891304347828,90.0,80.0,10.0
24510061,IT'S TOO PRECIOUS TO US TO LET IT DIE,80.0,100.0,100.0,100.0,70.0,91.2697628458498,70.0,80.0,10.0
52200044,HE WAS TO BE AWAY A LONG LONG TIME,70.0,75.0,100.0,77.77777777777779,70.0,84.61864406779661,60.0,70.0,10.0
50720175,HE HAS A ROUND FACE AND TWO SMALL EYES,80.0,99.0,100.0,100.0,80.0,93.4375,70.0,80.0,10.0
24410350,AND AS SUCH YOU NEED HELP,90.0,100.0,100.0,100.0,90.0,97.48287671232876,90.0,80.0,10.0
24410240,SO MUCH TO DO TOMORROW,90.0,100.0,100.0,100.0,90.0,93.2276119402985,90.0,80.0,10.0
30120155,WHO IS IT THAT CALLS,80.0,75.0,100.0,80.0,80.0,85.60114503816794,80.0,70.0,10.0
24410049,I APOLOGIZE TO THE COURT,90.0,100.0,100.0,100.0,90.0,91.42857142857144,90.0,80.0,10.0
24380354,THAT'S THE BEST GAME ALWAYS,80.0,77.0,100.0,83.33333333333334,90.0,82.71853146853147,80.0,70.0,10.0
24380204,SHE WAS THERE FOR A CONCERT,80.0,97.0,100.0,100.0,90.0,100.0,70.0,80.0,10.0
24380200,I NEED TO KEEP UP WITH THINGS BETTER,90.0,97.0,100.0,100.0,90.0,100.0,90.0,80.0,10.0
23550237,NOTE TO FIGURE OUT HOW TO USE THIS THING,90.0,98.0,100.0,100.0,90.0,97.9089861751152,90.0,80.0,10.0
23270331,BUT THEY HAD NO CHANCE TO FLY YET,90.0,100.0,100.0,100.0,80.0,94.72826086956522,90.0,80.0,10.0
23270286,ALL OF US HAVE RIGHT,90.0,100.0,100.0,100.0,100.0,97.35655737704916,90.0,80.0,10.0
23270237,IF YOU ARE BLAMING YOU ARE NOT BEING GRATEFUL,90.0,100.0,100.0,100.0,90.0,95.46397379912663,90.0,80.0,10.0
23270171,ACTUALLY I HAVE TO RUN,90.0,100.0,100.0,100.0,100.0,92.61029411764706,90.0,80.0,10.0
23270120,NO MATTER WHERE YOU GO THERE YOU ARE,90.0,100.0,100.0,100.0,80.0,92.1590909090909,90.0,80.0,10.0
23270080,SO IT WAS VERY HELPFUL,90.0,100.0,100.0,100.0,90.0,95.1953125,90.0,80.0,10.0
22520360,SHE COULD GO IN OR SHE COULD GO AWAY,90.0,97.0,100.0,100.0,90.0,100.0,90.0,80.0,10.0
22520272,CREATED THE WORLD YOU WANT TO LIVE IN,80.0,98.0,100.0,100.0,90.0,100.0,70.0,80.0,10.0
22520226,ACTUALLY WE ARE STILL HAVING,90.0,100.0,100.0,100.0,100.0,94.18893129770991,90.0,80.0,10.0
21160080,WE NEED TO DO BETTER,90.0,100.0,100.0,100.0,90.0,92.61029411764706,90.0,80.0,10.0
21120232,ALWAYS PUT EVERYTHING ON THE LINE,90.0,100.0,100.0,100.0,90.0,93.70283018867924,90.0,80.0,10.0
20310141,ANYTHING ELSE IN THE WORLD,90.0,100.0,100.0,100.0,100.0,93.54323308270676,90.0,80.0,10.0
20300147,HE PUT IT ON THE TABLE,90.0,100.0,100.0,100.0,90.0,90.72368421052632,90.0,80.0,10.0
20300065,LUCY NEEDS NEW RAINCOAT,90.0,85.0,100.0,75.0,70.0,82.0,80.0,70.0,10.0
20160371,NOW THAT I SAW IT ALL AT ONCE MYSELF,90.0,97.0,100.0,100.0,100.0,100.0,90.0,80.0,10.0
20160222,IT SHOULD BE A GOOD LOOK,90.0,98.0,100.0,100.0,90.0,100.0,90.0,80.0,10.0
20160178,MUST FOUND A WAY TO REMOVE THEM FAST,100.0,99.0,100.0,100.0,100.0,100.0,90.0,80.0,10.0
20160171,WONDER IF ANYONE WAS ON THE COURSE,90.0,99.0,100.0,100.0,90.0,98.97727272727272,90.0,80.0,10.0
20160131,JUST DOWN THE STREET FROM MY OFFICE,90.0,100.0,100.0,100.0,90.0,93.13829787234042,90.0,80.0,10.0
54060153,I DO MY HOMEWORK TOO,90.0,100.0,100.0,100.0,90.0,90.04310344827586,90.0,80.0,10.0
54060091,I GUESS YOU DON'T KNOW ME,90.0,100.0,100.0,100.0,90.0,94.51923076923076,90.0,80.0,10.0
54060077,I WISH I COULD HELP,90.0,100.0,100.0,100.0,90.0,90.86267605633805,90.0,80.0,10.0
54060064,OH COULD HE NOT STAY WHERE HE WAS SAFE,80.0,100.0,100.0,100.0,80.0,93.4375,70.0,80.0,10.0
20020377,IT WAS A STRANGE THING,100.0,100.0,100.0,100.0,100.0,95.89285714285714,90.0,80.0,10.0
30600052,I WANT ONLY TO BE SURE OF THAT,70.0,100.0,100.0,100.0,70.0,96.93527918781726,70.0,80.0,10.0
30270168,DATES IS THE NAME,100.0,100.0,100.0,100.0,90.0,90.3804347826087,90.0,80.0,10.0
20020357,THEN THE CHILD IS DEAD PERHAPS,100.0,99.0,100.0,100.0,100.0,97.16836734693877,90.0,80.0,10.0
20020303,OVERALL I HAVE A GOOD NIGHT,100.0,100.0,100.0,100.0,100.0,96.25,90.0,80.0,10.0
20020278,BUT NOW THAT YOU MENTION IT,100.0,98.0,100.0,100.0,100.0,100.0,90.0,80.0,10.0
20020208,HALF THE COUNTRY WAS TRYING TO TELL YOU,90.0,97.0,100.0,100.0,100.0,99.89864864864865,90.0,80.0,10.0
54280030,I SHALL NOT RUN AGAIN,70.0,100.0,100.0,100.0,80.0,90.86267605633805,70.0,80.0,10.0
54280012,NOTHING I SHOULD LIKE SO MUCH,90.0,100.0,100.0,100.0,90.0,90.26734104046244,90.0,80.0,10.0
20020174,BIG THANK YOU TO THEM,100.0,100.0,100.0,100.0,100.0,96.25,90.0,80.0,10.0
15030041,TWO TWO NINE FOUR,100.0,100.0,100.0,100.0,90.0,92.1590909090909,90.0,80.0,10.0
54280175,BUT WHAT COULD I SAY,100.0,100.0,100.0,100.0,90.0,92.0108695652174,90.0,80.0,10.0
54280146,BUT I SAW MUCH,90.0,97.0,100.0,100.0,90.0,100.0,90.0,80.0,10.0
15010004,LILLY IS GOING TO SEE MONKEY,90.0,100.0,100.0,100.0,90.0,96.5520134228188,90.0,80.0,10.0
54320100,WON'T YOU STAY AND HAVE SUPPER WITH ME,80.0,71.0,100.0,66.66666666666666,80.0,100.0,80.0,70.0,10.0
55470141,I I SAW HIM MORE THAN ANGRY NOW,70.0,49.0,100.0,25.0,60.0,12.0,60.0,50.0,10.0
14200060,IT'S HARD TO BE FAULTED FOR THAT,90.0,99.0,100.0,100.0,90.0,100.0,90.0,80.0,10.0
14080270,WISH I WAS GOING TO SEE TO NINE,80.0,86.0,100.0,87.5,80.0,95.9943181818182,80.0,70.0,10.0
14080178,THANK YOU FOR YOUR CARE,70.0,100.0,100.0,100.0,80.0,97.35655737704916,70.0,80.0,10.0
30600140,WHERE WAS SHE TO GO KNOW,80.0,100.0,100.0,100.0,70.0,96.5520134228188,70.0,80.0,10.0
50290174,I SHALL SOON SEE,90.0,100.0,100.0,100.0,90.0,92.1590909090909,90.0,80.0,10.0
13340375,HE TALKED MORE THAN ANYONE IN THE ROOM,80.0,97.0,100.0,100.0,80.0,100.0,70.0,80.0,10.0
12930266,FREEDOM IS NOT A CONCEPT,90.0,100.0,100.0,100.0,100.0,96.98170731707316,90.0,80.0,10.0
60990117,BELL AS THEIR TRUE MAN OF THEIR TIME,80.0,74.0,100.0,87.5,80.0,87.54032258064515,80.0,70.0,10.0
60990029,IN THE EVENING I WENT AGAIN WHEN I SAW HIM,80.0,100.0,100.0,100.0,80.0,94.02566539923954,70.0,80.0,10.0
60990011,TO BE SURE YOU DID,90.0,100.0,100.0,100.0,90.0,96.61290322580643,90.0,80.0,10.0
12920301,SUMMER IS BETTER THAN WINTER,90.0,100.0,100.0,100.0,100.0,91.1436170212766,90.0,80.0,10.0
12920254,LISTENING TO DEATH GRIPS IN PUBLIC,90.0,97.0,100.0,100.0,90.0,100.0,90.0,80.0,10.0
12280355,OH THAT WOULD HURT YOU,80.0,100.0,100.0,100.0,80.0,94.18893129770991,70.0,80.0,10.0
12280288,BACK TO THE ORIGINAL ME,80.0,77.0,100.0,100.0,80.0,84.03086956521739,80.0,70.0,10.0
12280243,WOULD BE INTERESTING TO SEE ANOTHER ONE,80.0,100.0,100.0,100.0,80.0,95.74152542372882,70.0,80.0,10.0
60990129,BUT THERE IS NO CRY OF HELPING,80.0,100.0,100.0,100.0,80.0,92.265625,70.0,80.0,10.0
11860361,I WAS NEVER SICK IN MY LIFE,80.0,100.0,100.0,100.0,80.0,97.30263157894736,70.0,80.0,10.0
11860346,YOU ARE A FOOL FOR THAT,80.0,100.0,100.0,100.0,80.0,92.91666666666666,70.0,80.0,10.0
80630062,WHY DO YOU HOLD SUCH LANGUAGE,90.0,100.0,100.0,100.0,90.0,91.66916167664672,90.0,80.0,10.0
80630044,THE THING WAS TOO MUCH FOR ME,90.0,98.0,100.0,100.0,90.0,100.0,90.0,80.0,10.0
30750030,BUT WHAT AM I TO DO ABOUT THIS,70.0,100.0,100.0,100.0,70.0,95.80445544554456,70.0,80.0,10.0
11860332,I TELL YOU IT IS DEATH,70.0,100.0,100.0,100.0,70.0,92.91666666666666,70.0,80.0,10.0
11810279,THANKS SO MUCH FOR THE FOLLOWS,70.0,98.0,100.0,100.0,80.0,100.0,70.0,80.0,10.0
11560372,TO SAY SUCH A THING,90.0,97.0,100.0,100.0,90.0,99.74137931034484,90.0,80.0,10.0
11560275,TAKING A WALK TO THE STORE,100.0,98.0,100.0,100.0,100.0,100.0,90.0,80.0,10.0
11560202,POETRY IS GOOD FOR THE SOUL,90.0,100.0,100.0,100.0,100.0,92.1590909090909,90.0,80.0,10.0
11560086,BUT THIS IS NOT THE TIME TO CHANGE COLORS,100.0,97.0,100.0,100.0,90.0,100.0,90.0,80.0,10.0
11560063,THIS LOOKS AS IF IT'S GOING TO WORK,90.0,100.0,100.0,100.0,90.0,95.80445544554456,90.0,80.0,10.0
11090235,SEEING A LOT OF BACK AND GOOD,70.0,100.0,100.0,100.0,80.0,97.03488372093022,70.0,80.0,10.0
11090140,YOU MADE ME BELIEVE WE CAN ALL MAKE A DIFFERENCE,80.0,100.0,100.0,100.0,80.0,95.54133858267716,70.0,80.0,10.0
80680084,I ONLY WANTED YOU TO BEAT,80.0,100.0,100.0,100.0,80.0,93.97151898734175,70.0,80.0,10.0
80680060,YOU HAVE SAVED MY LIFE THIS DAY,90.0,100.0,100.0,100.0,90.0,100.0,90.0,80.0,10.0
10990267,IT'S SINGLE OF THE WEEK NEXT WEEK,100.0,100.0,100.0,100.0,90.0,95.49157303370788,90.0,80.0,10.0
10990165,WELL ONE OF MY THINGS,90.0,100.0,100.0,100.0,100.0,92.91666666666666,90.0,80.0,10.0
10760116,MANDY WHAT'S WALKING TO NATURE CARD,70.0,80.0,100.0,85.71428571428571,60.0,74.58,60.0,70.0,10.0
81530139,I SHALL BE READY TO ACT,90.0,97.0,100.0,100.0,90.0,100.0,90.0,80.0,10.0
81530096,BUT I HAD TO FIGHT FOR IT I HAD,70.0,98.0,100.0,100.0,80.0,100.0,70.0,80.0,10.0
10460034,ONE EIGHT TWO ZERO,80.0,85.0,100.0,75.0,80.0,56.66,80.0,70.0,10.0
10390170,EASILY ONE OF YOUR BEST,90.0,100.0,100.0,100.0,90.0,96.61290322580643,90.0,80.0,10.0
10370309,LIGHT ARE THEY GOING TO GENTLE ME,90.0,99.0,100.0,100.0,90.0,100.0,90.0,80.0,10.0
10370234,PROBABLY NOT THE BEST THING TO DO ON THE PLANE,90.0,98.0,100.0,100.0,90.0,100.0,90.0,80.0,10.0
10370232,OH NOTHING IN THIS WORLD LASTS,100.0,100.0,100.0,100.0,90.0,90.95588235294116,90.0,80.0,10.0
10370102,I LEAVE IT TO THEM,90.0,100.0,100.0,100.0,90.0,91.07300884955752,90.0,80.0,10.0
10300328,LET'S GET THEM INTO THAT FIELD,90.0,100.0,100.0,100.0,90.0,97.16836734693877,90.0,80.0,10.0
10300282,GREAT TO SEE YOU TWO,100.0,100.0,100.0,100.0,100.0,96.98170731707316,90.0,80.0,10.0
10300217,AND KEEP IN TOUCH WITH HER,90.0,100.0,100.0,100.0,100.0,99.46428571428572,90.0,80.0,10.0
10300123,SHOW WILL NEVER BE THE SAME,90.0,100.0,100.0,100.0,100.0,93.70283018867924,90.0,80.0,10.0
9810327,HE MOTIONED THE TO THE YARD,80.0,100.0,100.0,100.0,80.0,95.55,70.0,80.0,10.0
9810200,IT'S A BOTTLE OF WATER,80.0,100.0,100.0,100.0,80.0,90.04310344827586,70.0,80.0,10.0
8110286,EVERYTHING IS STARTING TO FALL INTO PLACE PERFECTLY,100.0,100.0,100.0,100.0,100.0,91.97398190045249,90.0,80.0,10.0
8110258,SMILE TO COVER UP THE PAIN,100.0,99.0,100.0,100.0,100.0,100.0,90.0,80.0,10.0
85840147,I AS A WOMAN THINK DIFFERENTLY,70.0,83.0,100.0,83.33333333333334,70.0,68.14,60.0,70.0,10.0
34120052,I WAIT AND WAIT AND WAIT,100.0,100.0,100.0,100.0,90.0,90.72368421052632,90.0,80.0,10.0
85840117,HOW BIG IS YOUR HOUSE,90.0,100.0,100.0,100.0,90.0,92.30839416058392,90.0,80.0,10.0
8110147,CAN WE JUST GET BACK TO THE ADS PLEASE,90.0,100.0,100.0,100.0,90.0,100.0,90.0,80.0,10.0
8110043,AND STATES HAVE NOT HAD MUCH TIME,90.0,100.0,100.0,100.0,90.0,95.24441340782124,90.0,80.0,10.0
7650197,WHEN ARE YOU GOING TO BE BACK,80.0,100.0,100.0,100.0,80.0,90.625,70.0,80.0,10.0
91010133,SHOULD HE EVER SEE HER AGAIN,90.0,100.0,100.0,100.0,90.0,94.7983870967742,90.0,80.0,10.0
91010123,HOWEVER YOU CAN PUT IT ON NOW,90.0,100.0,100.0,100.0,90.0,97.03488372093022,90.0,80.0,10.0
91010063,WE NEED NOT STAY UNLESS YOU LIKE,80.0,100.0,100.0,100.0,80.0,91.84278350515464,70.0,80.0,10.0
7360181,CHECK IT OUT YOU WILL NOT TO AN DISAPPOINTED,70.0,88.0,100.0,88.88888888888889,60.0,71.5853846153846,60.0,70.0,10.0
5670159,ALL I CAN DO FOR YOU NOW,80.0,98.0,100.0,100.0,80.0,100.0,70.0,80.0,10.0
5630375,SHE WAS ALMOST LIKE A BOY,80.0,100.0,100.0,100.0,80.0,95.65789473684212,70.0,80.0,10.0
5630302,WE CAN SEE IT NOW,80.0,100.0,100.0,100.0,70.0,93.2276119402985,70.0,80.0,10.0
5630284,LOOKING FORWARD TO GETTING BACK TO WORK,70.0,100.0,100.0,100.0,80.0,94.2827868852459,70.0,80.0,10.0
5630160,BUT FOR A GOOD CAUSE,70.0,71.0,100.0,80.0,70.0,97.86234042553193,60.0,70.0,10.0
36310110,WHAT PEOPLE WHERE IN THE HOUSE,90.0,100.0,100.0,100.0,90.0,95.65789473684212,90.0,80.0,10.0
34120170,IN SHORT IT WAS HIS DAY,80.0,100.0,100.0,100.0,80.0,96.25,70.0,80.0,10.0
5630044,HOWEVER HE IS NOT LEGALLY RESPONSIBLE,70.0,94.0,100.0,100.0,70.0,71.78,60.0,70.0,10.0
4610362,IT'S BEING USED TO MAKE MORE MONEY,80.0,100.0,100.0,100.0,70.0,93.81756756756756,70.0,80.0,10.0
4610246,WANT TO GO FOR A WALK,80.0,97.0,100.0,100.0,70.0,100.0,70.0,80.0,10.0
91180035,YES YOU WILL SEE HERE HAVE SPEECH WITH HERE,90.0,100.0,100.0,100.0,80.0,91.11220472440944,90.0,80.0,10.0
91180015,HE IS TRULY A GOOSE AND NOT A DUCK,70.0,98.0,100.0,100.0,80.0,100.0,70.0,80.0,10.0
91070163,AND I WOULD HAVE KISSED YOU,90.0,97.0,100.0,100.0,90.0,100.0,90.0,80.0,10.0
91070138,MAYBE A LOT OF PEOPLE,90.0,100.0,100.0,100.0,90.0,90.04310344827586,90.0,80.0,10.0
4610238,DEPENDS ON A NUMBER OF THINGS,70.0,97.0,100.0,100.0,70.0,99.12234042553192,70.0,80.0,10.0
4610231,COOL FOR HIM TO STICK UP FOR HER,80.0,99.0,100.0,100.0,60.0,95.36764705882352,70.0,80.0,10.0
91180157,DEATH IS ONLY A RETURN HIM AFTER ALL,90.0,99.0,100.0,100.0,90.0,100.0,90.0,80.0,10.0
95530152,HE COULD PAY NO ATTENTION,100.0,100.0,100.0,100.0,90.0,90.04310344827586,90.0,80.0,10.0
95530144,HE REACHED OVER AND TOUCHED HER HAND,90.0,100.0,100.0,100.0,90.0,91.02272727272728,90.0,80.0,10.0
95530129,IF IT BE ON THE FINGER TAKE THE FINGER OFF,90.0,97.0,100.0,100.0,90.0,100.0,90.0,80.0,10.0
1570378,I WAS JUST THINKING OF SOMETHING ELSE,100.0,100.0,100.0,100.0,100.0,95.74152542372882,90.0,80.0,10.0
1570324,HERE IS A GENUINE MAN KING WAS THINKING,100.0,100.0,100.0,100.0,100.0,95.80445544554456,90.0,80.0,10.0
1570290,WONDERING HOW MANY PEOPLE HAVE IT,100.0,100.0,100.0,100.0,100.0,91.66916167664672,90.0,80.0,10.0
1570272,YOU DO HAVE A SOUL,100.0,100.0,100.0,100.0,100.0,92.91666666666666,90.0,80.0,10.0
1570269,NO OF COURSE NEITHER OF THEM SHOULD BE ASHAMED,90.0,100.0,100.0,100.0,100.0,94.51923076923076,90.0,80.0,10.0
1570165,WANTED TO TAKE MY SON,90.0,100.0,100.0,100.0,100.0,92.61029411764706,90.0,80.0,10.0
1570061,NO ONE WAS WOUNDED IN THAT ATTACK,90.0,100.0,100.0,100.0,90.0,94.04891304347828,90.0,80.0,10.0
1490109,MIKE GOT THE PEN,70.0,78.0,100.0,100.0,80.0,82.0,60.0,70.0,10.0
1330129,I CAN SMELL THE SOAP,70.0,76.0,100.0,80.0,80.0,82.94014084507043,60.0,70.0,10.0
1330057,JACK LIKES HOT DOG,80.0,77.0,100.0,75.0,90.0,82.0,80.0,70.0,10.0
1200350,HE LOOKED AT HIM LONG AND CURIOUSLY,90.0,100.0,100.0,100.0,100.0,92.4803664921466,90.0,80.0,10.0
1200209,YOU CAN COME AND TALK TO PEOPLE YOURSELF,90.0,100.0,100.0,100.0,100.0,100.0,90.0,80.0,10.0
1200161,LITERALLY RIGHT IN FRONT OF MY CAR,100.0,100.0,100.0,100.0,90.0,96.25,90.0,80.0,10.0
1200126,NO YOU HAVE TO PICK,100.0,100.0,100.0,100.0,100.0,96.98170731707316,90.0,80.0,10.0
1200103,AT MY AGE YOU HAVE TO BE MORE CAREFUL,90.0,100.0,100.0,100.0,100.0,100.0,90.0,80.0,10.0
1200081,I THINK IT'S A WONDERFUL CONCEPT,90.0,100.0,100.0,100.0,90.0,91.66916167664672,90.0,80.0,10.0
50150021,THEY MUST HAVE DONE IT FOR FUN,80.0,100.0,100.0,100.0,70.0,95.0,70.0,80.0,10.0
36310170,YOU WILL CARE FOR ME,90.0,100.0,100.0,100.0,90.0,94.8546511627907,90.0,80.0,10.0
95580016,IT WOULD HAVE SPARED ME ALL THIS WORRY,80.0,99.0,100.0,100.0,70.0,93.70283018867924,70.0,80.0,10.0
1140059,JEANS SIZE MUSHROOM,80.0,76.0,100.0,66.66666666666666,90.0,82.0,80.0,70.0,10.0
1140054,THREE FOUR THREE NINE,90.0,100.0,100.0,100.0,100.0,91.79054054054052,90.0,80.0,10.0
1130039,NINE TWO ONE ONE,90.0,85.0,100.0,75.0,90.0,82.0,80.0,70.0,10.0
1120119,SO ALICE WENT INTO THE LIVING ROOM,60.0,81.0,100.0,100.0,80.0,88.54870967741934,60.0,70.0,10.0
95580102,HE BOWED AND WALKED OUT OF THE ROOM,70.0,98.0,100.0,100.0,80.0,96.93527918781726,70.0,80.0,10.0
96170004,YOU MAY NOT BE WHO YOU THINK YOU ARE.,70.0,74.0,100.0,88.88888888888889,70.0,12.0,70.0,60.0,10.0
960071,ANDY LIKES HANDBALL,70.0,62.0,100.0,66.66666666666666,70.0,61.42,70.0,60.0,10.0
960046,SEX NINE SEVEN ONE,80.0,85.0,100.0,100.0,80.0,81.3,80.0,70.0,10.0
940086,LOOK AT MY HAND,100.0,100.0,100.0,100.0,100.0,91.42857142857142,90.0,80.0,10.0
940015,ANDY IS GOING TO SEE BIRD,90.0,100.0,100.0,100.0,90.0,93.17546583850933,90.0,80.0,10.0
930026,TWO NINE SIX FOUR,90.0,100.0,100.0,100.0,90.0,90.3804347826087,90.0,80.0,10.0
920055,CLAUS PAST LANTERN,80.0,77.0,100.0,66.66666666666666,80.0,82.0,80.0,70.0,10.0
490088,LOOK AT TEDDY'S,80.0,77.0,100.0,75.0,80.0,82.0,80.0,70.0,10.0
50170092,THAT MUST BE RIGHT,90.0,100.0,100.0,100.0,100.0,96.70454545454544,90.0,80.0,10.0
50150163,I NEVER COULD TELL,90.0,100.0,100.0,100.0,90.0,95.36764705882352,90.0,80.0,10.0
96350008,"IT SHOULD, AS HE WAS ONE AFTER ALL.",50.0,65.0,100.0,87.5,50.0,41.68000000000001,50.0,60.0,10.0
96350027,SHE TURNED TO FACE THE MAN.,70.0,78.0,100.0,66.66666666666666,50.0,79.89999999999999,60.0,70.0,10.0
440090,BY TOM'S TOOTH,80.0,77.0,100.0,75.0,90.0,82.0,80.0,70.0,10.0
240060,PLUS THE KIDS REALLY LIKE THE DOGS,90.0,97.0,100.0,100.0,100.0,100.0,90.0,80.0,10.0
30047,SEVEN THREE FOUR TWO,80.0,100.0,100.0,100.0,90.0,92.1590909090909,70.0,80.0,10.0
30040,TWO SIX FOUR EIGHT,90.0,100.0,100.0,100.0,90.0,96.25,90.0,80.0,10.0
30012,MARK IS GOING TO SEE ELEPHANT,90.0,100.0,100.0,100.0,90.0,91.91265060240964,90.0,80.0,10.0
240151,SUCCESSFUL FIRST DAY FOR COLLEGE,100.0,100.0,100.0,100.0,100.0,88.75,90.0,79.0,11.0
32140069,YOU ARE UP TO DATE NOW,90.0,100.0,100.0,100.0,90.0,89.17134831460673,90.0,79.0,11.0
50290062,OUR POOR LITTLE SISTER IS LOST,90.0,100.0,100.0,100.0,90.0,100.0,90.0,79.0,11.0
30270141,TAKE OUT YOUR EYES AND GET THEM TO ME,90.0,98.0,100.0,100.0,80.0,100.0,90.0,79.0,11.0
30140010,I AM TO HAVE THE DRIVING OF THEM,80.0,100.0,100.0,100.0,90.0,100.0,70.0,81.0,11.0
91070001,THE LAST STAGE WAS REACHED,70.0,100.0,100.0,100.0,80.0,100.0,70.0,81.0,11.0
7360280,I NEED TO KEEP A CLOSE EYE ON MY SON,60.0,85.0,100.0,100.0,60.0,97.06,60.0,71.0,11.0
29170309,HE HAD NEVER HAD AN ATTENDANT FOR HIS OWN PERSON,100.0,100.0,100.0,100.0,90.0,96.98170731707316,90.0,79.0,11.0
91010151,COME IT WOULD GIVE ME SO MUCH PLEASURE,90.0,100.0,100.0,100.0,90.0,97.8821243523316,90.0,79.0,11.0
91070049,THERE IS OUR STARTING POINT,90.0,100.0,100.0,100.0,90.0,86.85126582278481,90.0,79.0,11.0
24880041,THEY TALK ABOUT THE MOUNTAINS,90.0,100.0,100.0,100.0,90.0,89.77739726027397,90.0,79.0,11.0
28970129,STUFF FOR THE OTHER ACCOUNT,100.0,100.0,100.0,100.0,90.0,82.85112359550561,90.0,79.0,11.0
29170086,IT WAS A GREAT PLAY,100.0,100.0,100.0,100.0,90.0,89.00167785234899,90.0,79.0,11.0
28970294,WELL THAT IS A VERY FAIR POINT,100.0,97.0,100.0,100.0,90.0,97.16836734693877,90.0,79.0,11.0
28970279,WHY DO YOU NEED ME NOW,100.0,96.0,100.0,100.0,100.0,100.0,90.0,79.0,11.0
50290009,NOW WE HAVE DONE WITH THE SUBJECT,80.0,100.0,100.0,100.0,70.0,100.0,70.0,81.0,11.0
24480212,WHAT ABOUT THE SHAPE OF THE UNIVERSE,70.0,100.0,100.0,100.0,80.0,98.97727272727272,70.0,81.0,11.0
24510114,TROOPS MOVE IN TO BREAK UP SOME STRIKES,80.0,73.0,100.0,75.0,80.0,82.07191780821918,80.0,69.0,11.0
24510316,ONE LOOK WILL BE SUFFICIENT,90.0,100.0,100.0,100.0,90.0,89.51530612244898,90.0,79.0,11.0
27400286,LOVE MAKES ME FEEL ALIVE,90.0,100.0,100.0,100.0,90.0,88.01470588235293,90.0,79.0,11.0
25380152,MEANWHILE IS IT PIG ROAST YET,90.0,100.0,100.0,100.0,90.0,88.75,90.0,79.0,11.0
23550230,ANGER IS SOMETHING THAT CAN BE REALLY HARD TO CONTROL,90.0,100.0,100.0,100.0,100.0,100.0,90.0,79.0,11.0
23550233,CHILL DOWN WITH THE TALENT,90.0,100.0,100.0,100.0,90.0,86.62735849056604,90.0,79.0,11.0
24380116,PLEASE LET ME KNOW HOW I CAN BE OF SERVICE,80.0,100.0,100.0,100.0,80.0,100.0,70.0,81.0,11.0
24380317,AND THEN BY HIS GRAVE HIS EYES OPENED,80.0,100.0,100.0,100.0,80.0,100.0,70.0,81.0,11.0
24480186,JUST TO HEAR HIS VOICE,90.0,100.0,100.0,100.0,90.0,89.51530612244898,90.0,79.0,11.0
24480188,HOPING THAT THEY ARE DOING THE SAME WITH THIS ONE,80.0,100.0,100.0,100.0,80.0,100.0,70.0,81.0,11.0
4570289,IT'S SO GOOD TO BE HOME FOR AN ENTIRE WEEK,80.0,100.0,100.0,100.0,70.0,100.0,70.0,81.0,11.0
4570304,GET OUT OF MY BED,80.0,100.0,100.0,100.0,80.0,100.0,70.0,81.0,11.0
5630169,I HAD A GREAT TIME THIS WEEK,80.0,100.0,100.0,100.0,80.0,100.0,70.0,81.0,11.0
7650089,BUT HE IS EXPECTED TO BE FULL STRENGTH HIS WEEK,70.0,84.0,100.0,90.0,70.0,72.92828220858897,60.0,71.0,11.0
7650181,I MAY NOT BE ALL THAT TO YOU,80.0,100.0,100.0,100.0,70.0,100.0,70.0,81.0,11.0
20140014,MARY WENT TO SEE MOUSE,90.0,98.0,100.0,100.0,100.0,88.75,90.0,79.0,11.0
21160232,GET HIM IN THE TEST TEAM,90.0,100.0,100.0,100.0,90.0,89.38559322033899,90.0,79.0,11.0
21120085,I KNOW THAT WILL HAPPEN,90.0,100.0,100.0,100.0,90.0,87.3076923076923,90.0,79.0,11.0
21160195,MAY YOU MUST BE SMOKING,90.0,100.0,100.0,100.0,90.0,87.77597402597402,90.0,79.0,11.0
4570074,TELL THEM TO COME AND TAKE ME FROM HERE,70.0,100.0,100.0,100.0,70.0,100.0,70.0,81.0,11.0
96100005,SHOULD I KNOW HER AGAIN IF I SAW HER?,70.0,86.0,100.0,100.0,50.0,63.66,60.0,71.0,11.0
54060113,WHERE MUST I GO,90.0,100.0,100.0,100.0,90.0,89.71153846153847,90.0,79.0,11.0
52200094,BUT I WILL TELL YOU,80.0,100.0,100.0,100.0,90.0,99.32692307692308,70.0,81.0,11.0
22520337,IN ABOUT THE THIRD ROW,90.0,100.0,100.0,100.0,90.0,89.77739726027397,90.0,79.0,11.0
22520258,LIVE IN HALF AN HOUR FOR OUR STREAM,90.0,97.0,100.0,100.0,80.0,96.47613065326632,90.0,79.0,11.0
22520203,RUNNING ON THE STREETS NOT SO MUCH,90.0,97.0,100.0,100.0,90.0,92.05310880829016,90.0,79.0,11.0
23550201,THE MOST POWERFUL THING YOU CAN DO IS RECOVER,90.0,100.0,100.0,100.0,100.0,100.0,90.0,79.0,11.0
4570129,OR WHEN YOU OPEN THE OVEN,80.0,100.0,100.0,100.0,70.0,100.0,70.0,81.0,11.0
10750072,LOOK AT ELLS NOSE,70.0,89.0,100.0,100.0,60.0,56.94,60.0,71.0,11.0
20020094,THERE IS NO ROOM FOR A PEACEFUL STRUGGLE,100.0,98.0,100.0,100.0,90.0,92.69736842105264,90.0,79.0,11.0
930155,IS THE ANY CAKE,80.0,78.0,100.0,100.0,80.0,75.69999999999999,80.0,69.0,11.0
10390183,IT WAS A GOOD SCORE,100.0,95.0,100.0,100.0,90.0,98.125,90.0,79.0,11.0
10390166,JUST LOOK AT RECORD,90.0,100.0,100.0,100.0,90.0,87.54032258064515,90.0,79.0,11.0
10390039,WELL LET'S TAKE A LOOK,100.0,96.0,100.0,100.0,90.0,100.0,90.0,79.0,11.0
10370204,HOPING FOR A GREAT CAMPAIGN,100.0,98.0,100.0,100.0,90.0,94.51923076923076,90.0,79.0,11.0
10300159,WHO'S RESPONSIBLE FOR THE FAILURE OF THIS TASK,90.0,100.0,100.0,100.0,100.0,97.16836734693877,90.0,79.0,11.0
10300275,WERE IS IT GOING TO BE HOT,90.0,99.0,100.0,100.0,100.0,100.0,90.0,79.0,11.0
54060172,WHAT SHALL WE PLAY AT,90.0,100.0,100.0,100.0,90.0,89.00167785234899,90.0,79.0,11.0
54280018,YOU WOULD NOT PAY,90.0,100.0,100.0,100.0,90.0,89.06512605042016,90.0,79.0,11.0
20070050,NINE FIVE SIX ZERO,100.0,100.0,100.0,100.0,90.0,83.16489361702128,90.0,79.0,11.0
20020285,SO GRATEFUL TO BE PART OF THIS PROJECT,100.0,98.0,100.0,100.0,100.0,98.46,90.0,79.0,11.0
54280021,I MAY BE LATE,90.0,100.0,100.0,100.0,90.0,87.25,90.0,79.0,11.0
54280024,THE LITTLE MAN LOOKED AT HIM,80.0,67.0,100.0,83.33333333333334,90.0,100.0,80.0,69.0,11.0
90880142,THESE WERE NOT THE ALL MOST IMPORTANT THING HOWEVER,80.0,85.0,100.0,88.88888888888889,90.0,93.20402843601894,80.0,69.0,11.0
8110224,WELCOME THIS YOUR HOME,90.0,100.0,100.0,100.0,100.0,87.54032258064515,90.0,79.0,11.0
9810230,GREAT THAT YOU ARE SO NICE TO YOUR FANS,80.0,100.0,100.0,100.0,70.0,100.0,70.0,81.0,11.0
95530011,SHE WALKED THROUGH THE HOUSE,90.0,98.0,100.0,100.0,90.0,89.00167785234899,90.0,79.0,11.0
11350190,WHAT DO YOU THINK OF BUD LIGHT'S NEW DESIGN,70.0,87.0,100.0,90.0,70.0,82.60809885931558,60.0,71.0,11.0
14200295,AFTER THIS NOT SURE WHAT TO DO,90.0,95.0,100.0,100.0,100.0,98.125,90.0,79.0,11.0
14220044,FOUR FIVE ZERO THREE,50.0,63.0,100.0,50.0,70.0,53.3,50.0,61.0,11.0
55470104,I ASKED AS WE AS WE LEFT THE OFFICE,70.0,63.0,100.0,77.77777777777779,60.0,50.36,50.0,61.0,11.0
80630093,SHE IS TALKING IN HER SLEEP,90.0,100.0,100.0,100.0,90.0,88.9594972067039,90.0,79.0,11.0
96180020,AND THEN THERE WAS AN END OF IT.,70.0,81.0,100.0,87.5,70.0,76.82,60.0,71.0,11.0
10990020,WELL I CAN ASSURE YOU IT IS NOT,90.0,96.0,100.0,100.0,90.0,100.0,90.0,79.0,11.0
10990139,STILL NOT SURE WHAT IT WAS,90.0,95.0,100.0,100.0,90.0,100.0,90.0,79.0,11.0
14690048,TINA IS NOT VERY GOOD AT RUGBY,90.0,100.0,100.0,100.0,90.0,88.92942583732057,90.0,79.0,11.0
1120097,JAYME LIKES THE OLD GLOVES,70.0,82.0,100.0,80.0,80.0,72.34,60.0,71.0,11.0
10460152,YOU ARE LOT A DOG,90.0,67.0,100.0,80.0,90.0,100.0,80.0,69.0,11.0
85810086,I WASH I COULD SLEEP,100.0,100.0,100.0,100.0,90.0,89.51530612244898,90.0,79.0,11.0
10500131,CASEY THIS IS A CORN,80.0,73.0,100.0,60.0,70.0,84.01699029126213,80.0,69.0,11.0
10610129,DAVID THIS IS GARLIC,70.0,76.0,100.0,75.0,60.0,95.08116883116884,60.0,71.0,11.0
10610171,WHAT AM I DOING IT FOR,70.0,62.0,100.0,83.33333333333334,60.0,44.34,70.0,59.0,11.0
10750010,I LIKE TIGER,90.0,100.0,100.0,100.0,90.0,89.17134831460673,90.0,79.0,11.0
54280118,I MUST HAVE TIME TO THINK ABOUT IT,90.0,95.0,100.0,100.0,90.0,99.12234042553192,90.0,79.0,11.0
10390257,ITS TIME TO MAKE THE CHANGE,90.0,98.0,100.0,100.0,90.0,90.16566433566432,90.0,79.0,11.0
15010159,IT'S UP TO YOU,90.0,94.0,100.0,100.0,100.0,100.0,90.0,79.0,11.0
96350024,IT WAS NOT HER PLACE TO SAY ANYTHING.,70.0,85.0,100.0,87.5,60.0,65.75999999999999,60.0,71.0,11.0
96260005,BUT HOW WOULD THEY GO ABOUT IT?,50.0,71.0,100.0,100.0,50.0,31.46,50.0,61.0,11.0
95580101,BUT THIS IS ASKING FOR THE WORLD AND NOTHING LESS,90.0,100.0,100.0,100.0,90.0,97.54629629629628,90.0,79.0,11.0
96310014,"NOW, ARE YOU GOING TO LET ME GO?",80.0,100.0,100.0,100.0,80.0,100.0,70.0,81.0,11.0
50170131,LEAVE IT WHERE IT'S IT'S AND BEGIN ABOUT YOURSELF,90.0,87.0,100.0,81.81818181818183,80.0,90.49418604651164,80.0,69.0,11.0
95550134,HE SIGNED TO HER TO LISTEN,90.0,98.0,100.0,100.0,90.0,93.4375,90.0,79.0,11.0
95550126,WOULD YOU EAT YOUR CAKE TWICE,90.0,100.0,100.0,100.0,90.0,94.51923076923076,90.0,79.0,11.0
34120125,I WAS NOT LISTENING,90.0,100.0,100.0,100.0,90.0,86.13372093023256,90.0,79.0,11.0
36310021,YOU DO NOT KNOW MINE,100.0,97.0,100.0,100.0,90.0,91.42857142857144,90.0,79.0,11.0
96400026,YOU MAY CONTINUE GUN TRAINING.,70.0,80.0,100.0,80.0,70.0,82.0,60.0,71.0,11.0
30175,YUMMY,100.0,100.0,100.0,100.0,100.0,85.0,90.0,79.0,11.0
34120067,WOULD IT NOT BE SWEET,90.0,68.0,100.0,80.0,90.0,97.9,80.0,69.0,11.0
240071,EVEN WHEN WE LOSE IT USUALLY A VERY CLOSE GAME,90.0,97.0,100.0,100.0,90.0,94.89224137931036,90.0,79.0,11.0
11810063,SHE COULD JUST GO ON AND ON,80.0,70.0,100.0,85.71428571428571,80.0,94.66764705882352,80.0,69.0,11.0
11560354,I WAS WITH SAME A GOOD DEAL AFTERWARDS,100.0,97.0,100.0,100.0,90.0,91.97398190045249,90.0,79.0,11.0
11560353,HE STARED AT THE BLACKNESS,90.0,99.0,100.0,100.0,90.0,87.3076923076923,90.0,79.0,11.0
940067,TEDDY IS GOOD AT TENNIS,90.0,100.0,100.0,100.0,100.0,88.50165562913907,90.0,79.0,11.0
80680020,I'M READY FOR THE MARCH,90.0,100.0,100.0,100.0,90.0,89.51530612244898,90.0,79.0,11.0
940032,EIGHT TWO ONE,90.0,100.0,100.0,100.0,100.0,85.0,90.0,79.0,11.0
490052,NINE NINE EIGHT FIVE,90.0,100.0,100.0,100.0,90.0,88.4400826446281,90.0,79.0,11.0
80630019,DO YOU BELIEVE WE SHALL,90.0,71.0,100.0,80.0,90.0,90.3804347826087,80.0,69.0,11.0
1570361,PRESENTLY HOWEVER IT WAS BROKEN,90.0,100.0,100.0,100.0,100.0,83.02966101694915,90.0,79.0,11.0
3060226,MAKE SURE YOU HAVE A GREAT ONE,80.0,100.0,100.0,100.0,70.0,99.26829268292684,70.0,81.0,11.0
12920121,THAT I NEED TO CLEAN,90.0,98.0,100.0,100.0,90.0,94.8546511627907,90.0,79.0,11.0
12920268,YOU NEVER KNOW WHAT YOU ARE GOING TO IMPACT,80.0,100.0,100.0,100.0,80.0,100.0,70.0,81.0,11.0
12930008,NO ONE WAS HURT IN THE EXPLOSION,80.0,100.0,100.0,100.0,100.0,100.0,70.0,81.0,11.0
12920054,IT NOT HARD TO FINE,90.0,99.0,100.0,100.0,90.0,90.3804347826087,90.0,79.0,11.0
12280345,YOU MAY TELL HER THAT,70.0,100.0,100.0,100.0,70.0,98.125,70.0,81.0,11.0
11810206,BLESSING ON A NEW YEAR,70.0,72.0,100.0,100.0,80.0,100.0,60.0,71.0,11.0
95550146,WE MIGHT PICK UP SOME POINTS,90.0,100.0,100.0,100.0,80.0,92.1590909090909,90.0,79.0,11.0
1140068,SHE IS GOOD AT TENNIS,90.0,97.0,100.0,100.0,90.0,91.1436170212766,90.0,79.0,11.0
1140045,TWO SIX ZERO THREE,90.0,100.0,100.0,100.0,90.0,87.54032258064515,90.0,79.0,11.0
60670149,DID HE LOVE HER,90.0,100.0,100.0,100.0,90.0,87.83536585365853,90.0,79.0,11.0
12930067,THAT'S JUST THE WAY THE MAN WAS,80.0,100.0,100.0,100.0,90.0,100.0,70.0,81.0,11.0
13340204,HOPE IS A SIGN OF DESPAIR,80.0,100.0,100.0,100.0,80.0,100.0,70.0,81.0,11.0
1200098,THIS WAS ONE OF OUR BETTER GAMES,70.0,100.0,100.0,100.0,90.0,100.0,70.0,81.0,11.0
13340091,WE STILL HAVE A LOT OF GAMES TO PLAY,80.0,100.0,100.0,100.0,80.0,100.0,70.0,81.0,11.0
13340291,WE KNOW A GREAT PLACE TO STAY,80.0,100.0,100.0,100.0,80.0,100.0,70.0,81.0,11.0
13340259,THIS IS THE ONLY THING PEOPLE GET IN LIFE,80.0,100.0,100.0,100.0,80.0,100.0,70.0,81.0,11.0
13340255,THIS IS GOING TO BE A BUSY EVENING,80.0,100.0,100.0,100.0,80.0,100.0,70.0,81.0,11.0
13340297,BECAUSE OF COURSE THIS IS A THING,80.0,100.0,100.0,100.0,80.0,100.0,70.0,81.0,11.0
95530116,HE SEEMED TO BE TALKING TO HIMSELF,90.0,100.0,100.0,100.0,90.0,88.92942583732057,90.0,79.0,11.0
11090089,DRINK A LOT OF WATER,80.0,100.0,100.0,100.0,80.0,98.125,70.0,81.0,11.0
11090335,HE HAD NO CLEAR IDEA AT ALL,80.0,100.0,100.0,100.0,80.0,100.0,70.0,81.0,11.0
11350001,AND THAT WAS THE KEY TO HIS SUCCESS,70.0,100.0,100.0,100.0,80.0,98.61842105263158,70.0,81.0,11.0
240287,YOU PUT IT ON WRONG,90.0,94.0,100.0,100.0,90.0,100.0,90.0,79.0,11.0
34120101,I CAN ONLY WATCH,90.0,100.0,100.0,100.0,90.0,82.94014084507043,90.0,79.0,11.0
940012,LILLY IS GOING TO SEE ZEBRA,90.0,100.0,100.0,100.0,90.0,89.17134831460673,90.0,79.0,11.0
14200076,THE ONLY ONE WHO KNOWS WHY IS HIM,90.0,92.0,100.0,87.5,90.0,99.3,90.0,78.0,12.0
11350218,GET READY TO MAKE FUN OF THEM,60.0,79.0,100.0,85.71428571428571,70.0,88.33791208791209,60.0,72.0,12.0
96180013,I WANTED TO FIND MORE OUT ABOUT YOU.,70.0,85.0,100.0,87.5,70.0,73.88,60.0,72.0,12.0
14650037,ONE TWO ONE ZERO,90.0,100.0,100.0,100.0,90.0,82.0,90.0,78.0,12.0
80680069,THAT WOULD BE SAME THING SEEMING TO KNOW TOO MUCH,90.0,85.0,100.0,80.0,80.0,84.83208955223881,80.0,68.0,12.0
10750026,LAYLA LOVES JAPAN,90.0,98.0,100.0,100.0,90.0,82.0,90.0,78.0,12.0
54280128,NOTHING IS LEFT TO ME,90.0,92.0,100.0,100.0,90.0,100.0,90.0,78.0,12.0
14200087,THE DEFENDANTS ALSO WOULD HAVE TO SIGN THE STATEMENT,100.0,98.0,100.0,100.0,100.0,95.65789473684212,90.0,78.0,12.0
14650032,SIX SEVEN EIGHT NINE,90.0,100.0,100.0,100.0,90.0,82.0,90.0,78.0,12.0
10750094,LOOK AT THAT TINA'S SANDALS,60.0,84.0,100.0,83.33333333333334,60.0,78.22,60.0,72.0,12.0
930050,SIX NINE TWO SIX,90.0,85.0,100.0,75.0,90.0,82.0,80.0,68.0,12.0
81530065,YOU GO IN AND ASK HER IF SHE DO,90.0,92.0,100.0,88.88888888888889,90.0,98.2656886227545,90.0,78.0,12.0
10750043,TWO ZERO ONE SEVEN,90.0,100.0,100.0,100.0,80.0,82.0,90.0,78.0,12.0
20140004,JAYME CAN DRAW THE WAR,80.0,43.0,100.0,60.0,80.0,82.79205607476635,70.0,58.0,12.0
20020295,I FEEL LIKE IT WAS MORE THAN JUST MONEY,100.0,100.0,100.0,100.0,100.0,100.0,90.0,78.0,12.0
90880163,I'LL DO NOTHING UNTIL I HAVE READ THE ANSWER,90.0,100.0,100.0,100.0,90.0,91.75,90.0,78.0,12.0
90880147,CAN I TRUST MY OWN EARS,90.0,95.0,100.0,100.0,90.0,100.0,90.0,78.0,12.0
8110209,IN THE POLICE STATE NONE OF US ARE SAFE,100.0,100.0,100.0,100.0,90.0,100.0,90.0,78.0,12.0
8110159,LET US KNOW IF YOU HAVE ANY OTHER QUESTIONS,90.0,100.0,100.0,100.0,100.0,100.0,90.0,78.0,12.0
29170211,WILL HAVE TO FACE THE MUSIC TOMORROW,100.0,98.0,100.0,100.0,100.0,86.04381443298969,90.0,78.0,12.0
23550138,EDITOR AT FAN OF ROCK,90.0,98.0,100.0,100.0,90.0,86.18788819875776,90.0,78.0,12.0
21160090,POLICE RESPONDED WITH TEAR GAS,100.0,100.0,100.0,100.0,90.0,82.1565934065934,90.0,78.0,12.0
21160134,DREAM IT SEE IT AND BE IT,90.0,96.0,100.0,100.0,90.0,88.57227488151659,90.0,78.0,12.0
22520036,BUT THAT'S THE WAY IT IS WAS,90.0,92.0,100.0,87.5,90.0,98.97727272727272,90.0,78.0,12.0
21160203,BEST RIGHT BACK IN THE WORLD,90.0,97.0,100.0,100.0,100.0,88.9594972067039,90.0,78.0,12.0
20140099,SO JACK WENT INTO THE T V ROOM,80.0,80.0,100.0,87.5,80.0,74.3,80.0,68.0,12.0
54060119,THE MAN WAS DIE,90.0,98.0,100.0,100.0,90.0,83.85869565217392,90.0,78.0,12.0
20160151,BEING ABLE TO SAY YOU AGAIN WAS PERFECT,90.0,93.0,100.0,100.0,100.0,100.0,90.0,78.0,12.0
96100007,COULD THIS GIRL BE LIKE HIM IN SOME WAY?,60.0,59.0,100.0,88.88888888888889,60.0,72.34,50.0,62.0,12.0
90880086,WILL YOU BE READY AT ONCE NOW,90.0,92.0,100.0,100.0,90.0,100.0,90.0,78.0,12.0
28920120,HE'S BETTER THAN A TANK,90.0,93.0,100.0,100.0,90.0,100.0,90.0,78.0,12.0
91010142,WE WERE ONCE MORE AT HOME,90.0,97.0,100.0,100.0,80.0,88.9594972067039,90.0,78.0,12.0
50170132,NO SHE MUST JUST WAIT AND SEE WHAT WOULD HAPPEN,60.0,94.0,100.0,100.0,70.0,94.96112970711296,60.0,72.0,12.0
29170104,OIL PRICES ALSO ROSE SHARPLY,90.0,100.0,100.0,100.0,90.0,82.0,90.0,78.0,12.0
30120165,TAKE CAR HOW YOU GO,90.0,98.0,100.0,100.0,70.0,83.71597402597402,90.0,78.0,12.0
30600011,LOVE ME LOVE MY DOG YOU KNOW,80.0,56.0,100.0,71.42857142857143,70.0,68.62165562913907,70.0,58.0,12.0
7360036,I THOUGHT IT WOULD FIT RIGHT IN,70.0,84.0,100.0,100.0,70.0,94.08263157894736,60.0,72.0,12.0
30270014,THIS WAS WHEN I WAS IN MY SEVENTH YEAR,100.0,99.0,100.0,100.0,80.0,94.3122009569378,90.0,78.0,12.0
30270116,IT WAS WHAT HE WANTED,100.0,100.0,100.0,100.0,80.0,85.97222222222223,90.0,78.0,12.0
14690125,JACK THIS IS CARROT,90.0,100.0,100.0,100.0,90.0,82.0,90.0,78.0,12.0
20020108,I HAVE DIFFERENT OPINIONS THAN THE OTHERS,90.0,100.0,100.0,100.0,90.0,96.77023121387283,90.0,78.0,12.0
15030082,TIM LIKES THE OLD DRESS,80.0,72.0,100.0,80.0,80.0,82.24114503816794,80.0,68.0,12.0
95530028,BUT MIGHT NOT HE GET ANOTHER LESSON FROM THEM,90.0,100.0,100.0,100.0,90.0,96.0508849557522,90.0,78.0,12.0
1330067,BY BILLY'S MOUTH,90.0,72.0,100.0,75.0,90.0,82.0,80.0,68.0,12.0
11090320,SHE PUT HER ARMS AROUND HIM AND WANTED KISS HIM,70.0,90.0,100.0,90.0,70.0,74.42627009646301,60.0,72.0,12.0
69020096,NO WONDER EVERY ONE HAS STOPPED TO LOOK,70.0,82.0,100.0,87.5,60.0,82.0,60.0,72.0,12.0
12930036,I OFFERED HIM AN OUT,100.0,94.0,100.0,100.0,100.0,94.18893129770991,90.0,78.0,12.0
12930225,IT'S A BEAUTIFUL DAY TO BE A DUCK,90.0,93.0,100.0,88.88888888888889,100.0,100.0,90.0,78.0,12.0
12930195,WE HAVE A LOT OF SAME INTERESTS,90.0,91.0,100.0,85.71428571428571,100.0,100.0,90.0,78.0,12.0
1140049,SIX ZERO FOUR SIX,100.0,100.0,100.0,100.0,70.0,82.0,90.0,78.0,12.0
91180110,SHALL YOU STATE AT ONCE,80.0,68.0,100.0,80.0,80.0,89.81300884955752,80.0,68.0,12.0
11560117,THE LATEST ADDITION TO THE COLLECTION,100.0,96.0,100.0,100.0,90.0,86.40625,90.0,78.0,12.0
940073,TOM GIVES UP GOLF,80.0,74.0,100.0,75.0,90.0,77.38,80.0,68.0,12.0
1490101,WHEN ANDY WALKED TO LIBRARY,80.0,78.0,100.0,100.0,70.0,67.02,80.0,68.0,12.0
1570030,THEREFORE THE PICTURE WAS RATED ACCEPTABLE BY THE SOCIETY,90.0,100.0,100.0,100.0,100.0,90.49418604651164,90.0,78.0,12.0
940021,LYNDA LIVES IN CANADA,90.0,100.0,100.0,100.0,90.0,82.0,90.0,78.0,12.0
30750088,WHAT DOES SHE SAY,80.0,70.0,100.0,75.0,80.0,89.79418604651161,80.0,68.0,12.0
96350016,I PUT THEM ON AND I SAW WHERE WE WERE.,70.0,83.0,100.0,90.0,60.0,82.0,60.0,72.0,12.0
940173,IS IT THE TIGER THEN,90.0,95.0,100.0,100.0,90.0,96.25,90.0,78.0,12.0
960084,BETTER BY PETER LIKES LAMB,70.0,84.0,100.0,100.0,70.0,82.0,60.0,72.0,12.0
95550148,AND THAT MAKES IT WORSE,100.0,100.0,100.0,100.0,90.0,90.58566433566436,90.0,78.0,12.0
440082,LILLY LIKES BISCUIT,60.0,62.0,100.0,66.66666666666666,70.0,66.46,50.0,62.0,12.0
30101,LOOK AT BOB'S T SHIRT,90.0,97.0,100.0,100.0,100.0,88.75,90.0,78.0,12.0
440032,ONE FIVE NINE NINE,80.0,75.0,100.0,75.0,90.0,64.78,80.0,67.0,13.0
96170002,THEN ON OUT THE BACK DOOR OF THE HOUSE.,60.0,81.0,100.0,88.88888888888889,60.0,97.16836734693877,60.0,73.0,13.0
50390021,NOTHING OUT OF THE WAY,90.0,91.0,100.0,100.0,90.0,94.8546511627907,90.0,77.0,13.0
96170006,BUT NOW FOR THE FIRST TIME SOMETHING HAD MESSED UP.,70.0,86.0,100.0,90.0,70.0,83.47372093023256,60.0,73.0,13.0
96470013,"WOMAN NO, IT'S ALL RIGHT.",50.0,70.0,100.0,66.66666666666666,70.0,82.0,50.0,63.0,13.0
80630038,SOME SEEMED TO STAY HIS HAND,90.0,94.0,100.0,100.0,90.0,93.82116883116882,90.0,77.0,13.0
940103,ALICE LOVES THE NEW COAT,90.0,95.0,100.0,100.0,90.0,85.75920245398773,90.0,77.0,13.0
95550051,WHAT CARE I IF SHE SHE SINK OR SWIM,80.0,68.0,100.0,66.66666666666666,70.0,87.34625668449198,80.0,67.0,13.0
920074,SANDY LIKES RUNNING,90.0,70.0,100.0,66.66666666666666,90.0,79.05999999999999,80.0,67.0,13.0
11860317,IT EASY PREVAIL SYSTEM,70.0,85.0,100.0,100.0,70.0,81.02,60.0,73.0,13.0
80630053,I HAD NEVER DREAMED OF SUCH A FRIEND AS YOU,90.0,100.0,100.0,100.0,90.0,100.0,90.0,77.0,13.0
80680095,I SHALL YET PUT MY FINGER ON THIS MAN,90.0,92.0,100.0,100.0,90.0,99.02,90.0,77.0,13.0
14650047,SEVEN FOUR ZERO TWO,90.0,96.0,100.0,100.0,90.0,82.0,90.0,77.0,13.0
11350215,SPIRITED AWAY IS A MASTERPIECE,60.0,86.0,100.0,80.0,70.0,85.3409090909091,60.0,73.0,13.0
91180151,I SAVED MY CHICKENS THROUGH,90.0,93.0,100.0,100.0,90.0,90.86267605633805,90.0,77.0,13.0
1220138,MARK IS NOT A FARMER,70.0,81.0,100.0,80.0,70.0,90.04310344827586,60.0,73.0,13.0
10990060,WEDNESDAY WAS ONE OF THOSE TIMES,90.0,96.0,100.0,100.0,90.0,85.12878048780487,90.0,77.0,13.0
3060291,I THINK IT'S STILL A MATTER OF TASTE THROUGH,70.0,88.0,100.0,100.0,70.0,91.25,60.0,73.0,13.0
10990291,SHE TELL IT LIKE IT IS,90.0,92.0,100.0,100.0,100.0,93.17546583850933,90.0,77.0,13.0
96330018,THAT DAY WAS THE FIRST TIME I SAW HIM.,70.0,89.0,100.0,88.88888888888889,60.0,79.34,60.0,73.0,13.0
96080009,BUT STILL I WOULD DO MY BEST.,60.0,86.0,100.0,85.71428571428571,60.0,78.5,60.0,73.0,13.0
4610182,I HAVE NO ONE BUT MYSELF TO BLAMES FOR THIS,60.0,92.0,100.0,100.0,70.0,88.61531249999999,60.0,73.0,13.0
85840040,I KNOW THAT MY DEAR BOY,90.0,91.0,100.0,100.0,90.0,97.16836734693877,90.0,77.0,13.0
10300298,JUST KEEP YOUR HEAD UP BROTHER,100.0,90.0,100.0,83.33333333333334,90.0,100.0,90.0,77.0,13.0
930111,BOBBY CAN SEE THE TIME A PARK,80.0,72.0,100.0,85.71428571428571,80.0,82.6453488372093,80.0,67.0,13.0
96230005,THIS WAS WHERE SHE HAD LEFT THEM.,60.0,71.0,100.0,85.71428571428571,60.0,46.3,50.0,63.0,13.0
10300236,GOOD MAN WILL BE MISSED,100.0,96.0,100.0,100.0,100.0,86.96428571428571,90.0,77.0,13.0
1110122,SO ANDY WENT ON TO RESTROOM,70.0,81.0,100.0,83.33333333333334,60.0,92.30839416058392,60.0,73.0,13.0
10460114,SO LAND WENT INTO THE FAT,60.0,93.0,100.0,100.0,80.0,98.125,60.0,73.0,13.0
85810002,AND DOWN I GO FOR THE TENTH TIME,90.0,95.0,100.0,100.0,80.0,100.0,90.0,77.0,13.0
85810018,NOW ANOTHER THING I WANT TO TELL YOU,90.0,100.0,100.0,100.0,90.0,83.93514851485148,90.0,77.0,13.0
14690144,BILLY WILL ARRIVE IN OCTOBER SEE,70.0,84.0,100.0,83.33333333333334,70.0,82.0,60.0,73.0,13.0
20020220,PUZZLE ALARM CLOCK IS THE ANSWER,90.0,91.0,100.0,100.0,100.0,93.70283018867924,90.0,77.0,13.0
960090,BY TOM'S EAR,70.0,85.0,100.0,75.0,80.0,82.0,60.0,73.0,13.0
96100004,HE PULLED IT OUT AND LOOKED AT IT.,70.0,89.0,100.0,87.5,50.0,71.91999999999999,60.0,73.0,13.0
10300106,PREVIOUSLY THIS WAS NOT THE CASE,90.0,100.0,100.0,100.0,90.0,86.77631578947368,90.0,77.0,13.0
7650131,I LEARNED A LOT DURING THE LAST FEW HOURS,60.0,80.0,100.0,100.0,70.0,99.23578199052132,60.0,73.0,13.0
90880093,I MADE MY VOICE SOUNDS CARELESS,90.0,88.0,100.0,100.0,90.0,66.74000000000001,80.0,67.0,13.0
22520174,THERE ARE THINGS IN LIFE THAT I DO NOT UNDERSTAND,90.0,100.0,100.0,100.0,90.0,100.0,90.0,77.0,13.0
20300059,JIM NEEDS NEW RAINCOAT,90.0,74.0,100.0,75.0,70.0,66.74000000000001,80.0,67.0,13.0
25380202,SHOW THE PAY RICE VIDEO,80.0,68.0,100.0,100.0,90.0,82.63,80.0,67.0,13.0
24510224,TO MAKE A DIFFERENCE YOU MUST BE THE DIFFERENCE,90.0,100.0,100.0,100.0,90.0,100.0,90.0,77.0,13.0
7360045,WHICH GIVE IS YOU AN IDEA,60.0,87.0,100.0,83.33333333333334,60.0,83.95348837209302,60.0,73.0,13.0
50720072,WE SHALL NEVER SEE EACH OTHER AGAIN,90.0,98.0,100.0,100.0,90.0,98.68975903614458,90.0,77.0,13.0
30140173,YES WHO WAS IT,90.0,94.0,100.0,100.0,100.0,90.72368421052632,90.0,77.0,13.0
30270147,WOULD THEY TURN THERE,80.0,40.0,100.0,0.0,70.0,85.0,70.0,57.0,13.0
20160344,NOT A MAN SHARE ESCAPE,90.0,88.0,100.0,80.0,90.0,100.0,90.0,76.0,14.0
10300153,REALITY IS THE LEADING CAUSE OF STRESS,90.0,98.0,100.0,100.0,90.0,91.6346153846154,90.0,76.0,14.0
10990239,NO YOU ARE VERY CREATIVE,100.0,91.0,100.0,100.0,100.0,86.68307086614173,90.0,76.0,14.0
54320080,WHY DOES HE WRITE TO ME ABOUT THE WOOD,90.0,90.0,100.0,100.0,90.0,100.0,90.0,76.0,14.0
11350290,FALL IN LOVE WITH YOUR OWNER COMPANY,70.0,84.0,100.0,100.0,70.0,95.0,60.0,74.0,14.0
1200306,THE OTHERS WERE TO COME AND SEE IT,90.0,86.0,100.0,87.5,90.0,100.0,90.0,76.0,14.0
11560072,MAN WAS MADE TO WALK,90.0,88.0,100.0,80.0,90.0,100.0,90.0,76.0,14.0
55470040,IN THE OTHER COUNTRY COULD IT BE DONE AT ALL,70.0,87.0,100.0,90.0,50.0,82.0,60.0,74.0,14.0
10990087,THEY OUGHT TO TAKE A LITTLE OF THIS CHRISTMAS SPIRIT,100.0,88.0,100.0,90.0,100.0,100.0,90.0,76.0,14.0
920009,IT ALICE OWNED,80.0,66.0,100.0,66.66666666666666,80.0,85.0,80.0,66.0,14.0
50390057,SO SHE HAD BETTER STUDY ME,90.0,97.0,100.0,100.0,80.0,90.25588235294116,90.0,76.0,14.0
440104,LISA LAYLA GOT THE BOOTS,60.0,60.0,100.0,60.0,60.0,87.54032258064515,50.0,64.0,14.0
3060028,PEOPLE MAKE THINGS A LOT MORE DIFFICULT THAN THEY ARE,60.0,97.0,100.0,100.0,60.0,94.23760330578511,60.0,74.0,14.0
30750012,TELL ME WILL YOU BE HERE LONG,60.0,94.0,100.0,100.0,80.0,94.19810810810812,60.0,74.0,14.0
85840077,LOOK NOW AT THE PATH BELOW US,70.0,87.0,100.0,100.0,80.0,83.84910447761195,60.0,74.0,14.0
20020015,BUT THEY WERE JUST THOUGHTS,90.0,88.0,100.0,80.0,100.0,100.0,90.0,76.0,14.0
85810152,IT WOULD BE FUNNY SO FUNNY,100.0,91.0,100.0,100.0,90.0,85.5912658227848,90.0,76.0,14.0
85810159,HE TURNED ROUND AND LOOKED UP THE ROAD,90.0,92.0,100.0,87.5,90.0,88.84461928934009,90.0,76.0,14.0
4610129,WORRY IS PART OF LIFE,70.0,86.0,100.0,100.0,60.0,89.00167785234899,60.0,74.0,14.0
96100001,SHE WAS FACE TO FACE WITH ONE OF THE HORSE.,70.0,88.0,100.0,90.0,50.0,82.0,60.0,74.0,14.0
25380277,YES IT WAS AN EARTHQUAKE,90.0,88.0,100.0,80.0,90.0,98.61842105263158,90.0,76.0,14.0
